emp_id,full_name,gender,age,department,role,location,employment_type,join_date,tenure_months,monthly_ctc_inr,annual_ctc_inr,performance_rating,last_appraisal_rating,attrition_risk,training_hrs_fy25,leaves_taken_fy25,active,performance_category
EMP0001,Rajan Bhat,Male,32,Horticulture & Farm Ops,Polyhouse Technician,Bengaluru,Full-time,2023-08-24,19,27481,329772,4.1,3.3,Low,91,11,Active,High (>= 4)
EMP0002,Deepak Pillai,Male,32,Horticulture & Farm Ops,Head Horticulturist,Talegaon Farm (Pune),Full-time,2019-11-09,65,79396,952752,3.5,2.9,Low,61,7,Active,Average (3-4)
EMP0003,Heena Shah,Female,24,Horticulture & Farm Ops,Farm Worker,Talegaon Farm (Pune),Full-time,2018-06-24,82,16922,203064,3.5,3.3,Low,13,14,Active,Average (3-4)
EMP0004,Mansi Rajan,Female,46,Horticulture & Farm Ops,Senior Horticulturist,Talegaon Farm (Pune),Contract,2023-02-13,25,29107,349284,3.2,3.2,High,48,13,Active,Average (3-4)
EMP0005,Megha Rajan,Female,45,Horticulture & Farm Ops,Head Horticulturist,Bengaluru,Full-time,2020-11-16,53,79361,952332,3.9,3.1,Low,53,7,Active,Average (3-4)
EMP0006,Siddharth Srivastava,Male,34,Horticulture & Farm Ops,Polyhouse Technician,Talegaon Farm (Pune),Full-time,2023-09-07,19,26609,319308,2.6,3.9,High,24,1,Active,Low (<3)
EMP0007,Suresh Shah,Male,40,Horticulture & Farm Ops,Farm Worker,Talegaon Farm (Pune),Full-time,2019-03-03,74,21084,253008,2.8,3.5,Medium,92,21,Active,Low (<3)
EMP0008,Vikas Joshi,Male,38,Horticulture & Farm Ops,Senior Horticulturist,Talegaon Farm (Pune),Full-time,2023-01-08,27,41730,500760,4.3,2.8,Low,45,18,Active,High (>= 4)
EMP0009,Ishita Rajan,Female,22,Horticulture & Farm Ops,Plant Scientist,Talegaon Farm (Pune),Full-time,2023-12-27,15,58985,707820,3.4,3.0,Medium,32,22,Active,Average (3-4)
EMP0010,Arjun Das,Male,31,Horticulture & Farm Ops,Senior Horticulturist,Talegaon Farm (Pune),Contract,2021-07-30,44,30161,361932,3.7,3.4,High,37,4,Active,Average (3-4)
EMP0011,Aditya Rajan,Male,52,Horticulture & Farm Ops,Senior Horticulturist,Bengaluru,Full-time,2019-06-19,70,31772,381264,3.2,3.4,Medium,53,16,Active,Average (3-4)
EMP0012,Dinesh Agarwal,Male,51,Horticulture & Farm Ops,Senior Horticulturist,Talegaon Farm (Pune),Full-time,2021-08-28,43,28316,339792,3.8,3.5,High,2,4,Active,Average (3-4)
EMP0013,Rajesh Tiwari,Male,24,Horticulture & Farm Ops,Head Horticulturist,Bengaluru,Full-time,2023-05-13,22,70893,850716,4.0,4.1,High,75,10,Active,High (>= 4)
EMP0014,Vidya Das,Female,44,Horticulture & Farm Ops,Polyhouse Technician,Talegaon Farm (Pune),Full-time,2023-10-13,17,22024,264288,2.6,3.2,High,11,21,Active,Low (<3)
EMP0015,Anjali Tiwari,Female,25,Horticulture & Farm Ops,Senior Horticulturist,Bengaluru,Full-time,2018-10-17,78,35217,422604,4.5,2.5,Low,13,22,Active,High (>= 4)
EMP0016,Rajan Srivastava,Male,43,Horticulture & Farm Ops,Plant Scientist,Talegaon Farm (Pune),Full-time,2020-06-12,58,47960,575520,4.4,3.4,Low,27,6,Active,High (>= 4)
EMP0017,Siddharth Singh,Male,39,Horticulture & Farm Ops,Plant Scientist,Talegaon Farm (Pune),Contract,2018-04-06,85,60278,723336,3.2,2.6,Medium,74,11,Active,Average (3-4)
EMP0018,Payal Mishra,Female,48,Horticulture & Farm Ops,Head Horticulturist,Talegaon Farm (Pune),Full-time,2019-10-31,65,78053,936636,4.1,3.8,Low,19,5,Inactive,High (>= 4)
EMP0019,Heena Bose,Female,21,Horticulture & Farm Ops,Senior Horticulturist,Talegaon Farm (Pune),Full-time,2018-04-13,84,32694,392328,4.0,3.2,Low,69,20,Active,High (>= 4)
EMP0020,Prateek Chatterjee,Male,37,Horticulture & Farm Ops,Plant Scientist,Talegaon Farm (Pune),Full-time,2021-09-27,42,56323,675876,3.0,3.3,Medium,77,12,Active,Average (3-4)
EMP0021,Pooja Reddy,Female,44,Horticulture & Farm Ops,Head Horticulturist,Bengaluru,Intern,2024-03-05,13,75642,907704,4.4,2.5,High,14,21,Active,High (>= 4)
EMP0022,Amit Shukla,Male,29,Horticulture & Farm Ops,Senior Horticulturist,Talegaon Farm (Pune),Full-time,2018-11-22,77,41171,494052,4.1,4.2,Low,36,21,Active,High (>= 4)
EMP0023,Jyoti Chatterjee,Female,32,Horticulture & Farm Ops,Plant Scientist,Talegaon Farm (Pune),Full-time,2021-10-12,42,52689,632268,3.5,4.7,Low,88,13,Active,Average (3-4)
EMP0024,Varun Bhat,Male,34,Horticulture & Farm Ops,Head Horticulturist,Bengaluru,Intern,2019-12-13,64,101410,1216920,3.2,3.1,Medium,24,9,Active,Average (3-4)
EMP0025,Hemant Ghosh,Male,39,Horticulture & Farm Ops,Plant Scientist,Bengaluru,Full-time,2022-04-24,35,40839,490068,3.4,4.0,High,16,20,Active,Average (3-4)
EMP0026,Rohit Hegde,Male,24,Horticulture & Farm Ops,Polyhouse Technician,Talegaon Farm (Pune),Full-time,2022-10-30,29,25234,302808,2.8,2.7,Medium,1,8,Active,Low (<3)
EMP0027,Divya Patel,Female,28,Horticulture & Farm Ops,Farm Worker,Bengaluru,Full-time,2020-03-29,60,17250,207000,4.3,3.0,Low,12,10,Active,High (>= 4)
EMP0028,Ankit Pillai,Male,27,Horticulture & Farm Ops,Plant Scientist,Talegaon Farm (Pune),Full-time,2019-02-18,74,55432,665184,3.7,3.6,Low,11,8,Active,Average (3-4)
EMP0029,Geeta Mehta,Female,51,Horticulture & Farm Ops,Farm Worker,Bengaluru,Full-time,2018-09-04,80,14320,171840,4.3,2.5,High,31,15,Active,High (>= 4)
EMP0030,Kartik Patil,Male,38,Horticulture & Farm Ops,Plant Scientist,Talegaon Farm (Pune),Full-time,2021-08-22,43,45687,548244,3.3,3.6,Medium,70,19,Active,Average (3-4)
EMP0031,Tushar Choudhary,Male,39,Horticulture & Farm Ops,Plant Scientist,Talegaon Farm (Pune),Intern,2023-08-23,19,41572,498864,3.5,3.8,High,75,10,Active,Average (3-4)
EMP0032,Neha Chatterjee,Female,36,Horticulture & Farm Ops,Polyhouse Technician,Talegaon Farm (Pune),Full-time,2023-10-11,17,19318,231816,4.3,2.6,High,6,13,Active,High (>= 4)
EMP0033,Umesh Das,Male,45,Horticulture & Farm Ops,Polyhouse Technician,Bengaluru,Full-time,2023-11-11,16,22288,267456,3.3,3.5,Medium,17,10,Active,Average (3-4)
EMP0034,Aakash Mishra,Male,35,Horticulture & Farm Ops,Farm Worker,Talegaon Farm (Pune),Full-time,2018-11-04,77,18778,225336,4.2,2.8,Low,39,19,Active,High (>= 4)
EMP0035,Sanjay Yadav,Male,50,Horticulture & Farm Ops,Senior Horticulturist,Talegaon Farm (Pune),Full-time,2021-10-13,42,44643,535716,3.5,2.9,Low,67,13,Active,Average (3-4)
EMP0036,Khushi Sharma,Female,37,Horticulture & Farm Ops,Head Horticulturist,Bengaluru,Full-time,2021-09-22,42,75118,901416,2.9,3.6,High,63,7,Active,Low (<3)
EMP0037,Isha Gupta,Female,37,Horticulture & Farm Ops,Head Horticulturist,Talegaon Farm (Pune),Full-time,2018-04-20,84,71050,852600,3.2,4.0,High,47,0,Active,Average (3-4)
EMP0038,Lokesh Kumar,Male,35,Horticulture & Farm Ops,Polyhouse Technician,Talegaon Farm (Pune),Contract,2022-09-15,30,27711,332532,2.1,3.7,High,61,14,Active,Low (<3)
EMP0039,Preeti Verma,Female,24,Horticulture & Farm Ops,Senior Horticulturist,Talegaon Farm (Pune),Full-time,2019-10-09,66,28843,346116,4.0,3.4,High,0,12,Active,High (>= 4)
EMP0040,Nisha Bose,Female,31,Horticulture & Farm Ops,Head Horticulturist,Talegaon Farm (Pune),Full-time,2021-01-07,51,75213,902556,3.3,3.4,High,74,12,Active,Average (3-4)
EMP0041,Varun Kumar,Male,48,Horticulture & Farm Ops,Head Horticulturist,Talegaon Farm (Pune),Full-time,2018-03-02,86,91171,1094052,2.9,3.9,Medium,1,13,Active,Low (<3)
EMP0042,Meera Verma,Female,30,Horticulture & Farm Ops,Plant Scientist,Talegaon Farm (Pune),Contract,2022-08-06,32,62729,752748,3.0,4.5,Medium,21,13,Active,Average (3-4)
EMP0043,Heena Iyer,Female,22,Horticulture & Farm Ops,Farm Worker,Talegaon Farm (Pune),Full-time,2021-03-07,49,19506,234072,1.8,4.3,High,26,5,Inactive,Low (<3)
EMP0044,Komal Nair,Female,33,Horticulture & Farm Ops,Farm Worker,Talegaon Farm (Pune),Full-time,2018-02-24,86,20515,246180,3.8,2.6,Low,21,16,Active,Average (3-4)
EMP0045,Sunita Shah,Female,27,Horticulture & Farm Ops,Head Horticulturist,Talegaon Farm (Pune),Full-time,2020-09-13,55,98017,1176204,2.7,3.8,High,20,22,Active,Low (<3)
EMP0046,Pranav Shah,Male,40,Horticulture & Farm Ops,Head Horticulturist,Bengaluru,Full-time,2023-11-12,16,80927,971124,4.2,3.4,Low,15,12,Inactive,High (>= 4)
EMP0047,Shubham Mishra,Male,41,Horticulture & Farm Ops,Polyhouse Technician,Talegaon Farm (Pune),Full-time,2023-08-06,20,25783,309396,3.8,3.6,Low,21,23,Active,Average (3-4)
EMP0048,Nidhi Naik,Female,47,Horticulture & Farm Ops,Polyhouse Technician,Talegaon Farm (Pune),Full-time,2019-04-15,72,24275,291300,4.1,4.4,Low,7,23,Active,High (>= 4)
EMP0049,Dinesh Mehta,Male,50,Horticulture & Farm Ops,Senior Horticulturist,Bengaluru,Full-time,2018-06-22,82,36418,437016,4.7,3.2,Low,44,23,Active,High (>= 4)
EMP0050,Shreya Malhotra,Female,32,Horticulture & Farm Ops,Head Horticulturist,Talegaon Farm (Pune),Full-time,2022-05-06,35,70445,845340,4.2,3.5,High,59,4,Active,High (>= 4)
EMP0051,Karan Bhatt,Male,40,Horticulture & Farm Ops,Senior Horticulturist,Talegaon Farm (Pune),Full-time,2018-11-30,77,41249,494988,3.4,3.5,Medium,73,8,Active,Average (3-4)
EMP0052,Shreya Reddy,Female,31,Horticulture & Farm Ops,Plant Scientist,Talegaon Farm (Pune),Full-time,2022-02-08,38,40767,489204,3.4,3.7,High,45,21,Active,Average (3-4)
EMP0053,Mohit Patel,Male,38,Horticulture & Farm Ops,Plant Scientist,Talegaon Farm (Pune),Full-time,2023-08-18,19,54945,659340,3.2,3.1,Medium,86,9,Active,Average (3-4)
EMP0054,Bhavna Rajan,Female,26,Horticulture & Farm Ops,Plant Scientist,Talegaon Farm (Pune),Full-time,2023-05-05,23,59720,716640,4.1,2.8,Low,95,4,Active,High (>= 4)
EMP0055,Abhishek Agarwal,Male,46,Horticulture & Farm Ops,Plant Scientist,Talegaon Farm (Pune),Full-time,2020-09-01,55,45931,551172,4.2,3.2,Low,73,2,Active,High (>= 4)
EMP0056,Mohit Gupta,Male,30,Horticulture & Farm Ops,Senior Horticulturist,Talegaon Farm (Pune),Contract,2022-08-15,31,42375,508500,2.6,3.1,High,50,5,Active,Low (<3)
EMP0057,Ravi Malhotra,Male,28,Horticulture & Farm Ops,Senior Horticulturist,Talegaon Farm (Pune),Full-time,2021-08-10,44,37644,451728,4.1,3.0,Low,28,23,Active,High (>= 4)
EMP0058,Megha Reddy,Female,51,Horticulture & Farm Ops,Farm Worker,Talegaon Farm (Pune),Full-time,2019-03-16,73,19390,232680,3.0,3.6,Medium,67,7,Active,Average (3-4)
EMP0059,Prateek Rao,Male,37,Horticulture & Farm Ops,Polyhouse Technician,Talegaon Farm (Pune),Full-time,2023-04-10,24,23052,276624,2.6,3.5,High,95,8,Active,Low (<3)
EMP0060,Tanvi Shetty,Female,28,Horticulture & Farm Ops,Polyhouse Technician,Talegaon Farm (Pune),Full-time,2023-01-03,27,23711,284532,3.2,3.0,Medium,47,18,Active,Average (3-4)
EMP0061,Rekha Sharma,Female,27,Horticulture & Farm Ops,Head Horticulturist,Talegaon Farm (Pune),Full-time,2021-12-06,40,78525,942300,3.4,3.8,Medium,70,20,Active,Average (3-4)
EMP0062,Umesh Murthy,Male,35,Horticulture & Farm Ops,Senior Horticulturist,Talegaon Farm (Pune),Full-time,2018-09-20,79,42497,509964,3.7,2.8,Low,71,18,Active,Average (3-4)
EMP0063,Swati Nair,Female,24,Horticulture & Farm Ops,Plant Scientist,Talegaon Farm (Pune),Full-time,2020-12-14,52,46040,552480,4.0,4.0,Low,70,3,Active,High (>= 4)
EMP0064,Kavya Pandey,Female,29,Horticulture & Farm Ops,Senior Horticulturist,Bengaluru,Full-time,2019-11-04,65,28982,347784,3.4,3.8,High,65,13,Active,Average (3-4)
EMP0065,Rajan Gupta,Male,41,Horticulture & Farm Ops,Farm Worker,Bengaluru,Contract,2020-11-12,53,17707,212484,3.9,3.8,Low,46,10,Active,Average (3-4)
EMP0066,Hemant Pillai,Male,35,Horticulture & Farm Ops,Senior Horticulturist,Talegaon Farm (Pune),Full-time,2018-03-04,86,43551,522612,3.8,2.5,Low,95,17,Active,Average (3-4)
EMP0067,Vidya Pillai,Female,21,Horticulture & Farm Ops,Polyhouse Technician,Talegaon Farm (Pune),Contract,2021-12-20,39,21216,254592,4.4,3.9,Low,75,7,Active,High (>= 4)
EMP0068,Khushi Patel,Female,52,Horticulture & Farm Ops,Polyhouse Technician,Bengaluru,Full-time,2018-06-23,82,27311,327732,4.4,3.3,Low,88,5,Active,High (>= 4)
EMP0069,Manish Murthy,Male,41,Horticulture & Farm Ops,Polyhouse Technician,Talegaon Farm (Pune),Full-time,2020-03-06,61,20596,247152,3.7,3.2,Low,65,8,Active,Average (3-4)
EMP0070,Umesh Nair,Male,35,Horticulture & Farm Ops,Farm Worker,Talegaon Farm (Pune),Full-time,2023-08-24,19,20236,242832,4.0,3.7,Low,91,10,Active,High (>= 4)
EMP0071,Pranav Pillai,Male,22,Horticulture & Farm Ops,Polyhouse Technician,Talegaon Farm (Pune),Contract,2018-08-09,80,22284,267408,3.4,4.1,Medium,10,15,Active,Average (3-4)
EMP0072,Kavya Patil,Female,44,Horticulture & Farm Ops,Head Horticulturist,Bengaluru,Full-time,2019-03-25,73,91828,1101936,3.6,3.0,Low,22,18,Active,Average (3-4)
EMP0073,Manish Mehta,Male,46,Horticulture & Farm Ops,Senior Horticulturist,Talegaon Farm (Pune),Contract,2021-11-20,40,41227,494724,4.4,3.5,Low,58,5,Active,High (>= 4)
EMP0074,Sachin Pillai,Male,38,Horticulture & Farm Ops,Polyhouse Technician,Bengaluru,Full-time,2021-03-11,49,23062,276744,3.0,3.0,Medium,37,7,Active,Average (3-4)
EMP0075,Swati Kulkarni,Female,27,Horticulture & Farm Ops,Head Horticulturist,Bengaluru,Full-time,2022-02-12,38,105758,1269096,3.7,3.6,Low,61,3,Active,Average (3-4)
EMP0076,Khushi Malhotra,Female,23,Horticulture & Farm Ops,Head Horticulturist,Talegaon Farm (Pune),Contract,2021-03-01,49,84824,1017888,3.8,3.5,Low,64,14,Active,Average (3-4)
EMP0077,Ritika Ghosh,Female,52,Horticulture & Farm Ops,Senior Horticulturist,Bengaluru,Full-time,2019-02-07,74,44037,528444,4.3,3.9,Low,20,13,Active,High (>= 4)
EMP0078,Mohit Verma,Male,43,Horticulture & Farm Ops,Senior Horticulturist,Talegaon Farm (Pune),Full-time,2022-11-06,29,38060,456720,4.1,3.2,Low,44,14,Active,High (>= 4)
EMP0079,Rahul Gupta,Male,40,Horticulture & Farm Ops,Plant Scientist,Talegaon Farm (Pune),Contract,2018-04-19,84,45283,543396,2.9,3.8,Medium,36,10,Active,Low (<3)
EMP0080,Sachin Singh,Male,51,Horticulture & Farm Ops,Head Horticulturist,Talegaon Farm (Pune),Full-time,2018-06-16,82,106819,1281828,3.3,3.2,Medium,46,14,Active,Average (3-4)
EMP0081,Sakshi Gupta,Female,28,Horticulture & Farm Ops,Plant Scientist,Talegaon Farm (Pune),Full-time,2023-03-11,25,61170,734040,2.6,3.9,High,60,5,Active,Low (<3)
EMP0082,Swati Tiwari,Female,21,Horticulture & Farm Ops,Polyhouse Technician,Talegaon Farm (Pune),Contract,2019-03-26,73,21544,258528,3.5,3.5,Low,51,4,Inactive,Average (3-4)
EMP0083,Vidya Kumar,Female,36,Horticulture & Farm Ops,Plant Scientist,Bengaluru,Intern,2021-03-31,48,59693,716316,5.0,3.0,Low,54,15,Active,High (>= 4)
EMP0084,Sunita Joshi,Female,39,Horticulture & Farm Ops,Head Horticulturist,Talegaon Farm (Pune),Contract,2020-04-11,60,93753,1125036,4.0,3.1,Low,16,5,Active,High (>= 4)
EMP0085,Sonal Reddy,Female,47,Horticulture & Farm Ops,Head Horticulturist,Talegaon Farm (Pune),Full-time,2019-12-16,64,98502,1182024,3.5,2.8,Low,24,21,Active,Average (3-4)
EMP0086,Vikas Reddy,Male,51,Horticulture & Farm Ops,Senior Horticulturist,Talegaon Farm (Pune),Full-time,2018-07-14,81,40189,482268,4.2,2.2,Low,81,10,Active,High (>= 4)
EMP0087,Rajan Verma,Male,22,Horticulture & Farm Ops,Senior Horticulturist,Talegaon Farm (Pune),Full-time,2023-03-16,24,40414,484968,3.8,3.8,Low,60,12,Active,Average (3-4)
EMP0088,Sachin Pandey,Male,26,Horticulture & Farm Ops,Farm Worker,Talegaon Farm (Pune),Intern,2020-12-08,52,17364,208368,4.0,3.6,Low,74,23,Active,High (>= 4)
EMP0089,Manish Murthy,Male,30,Horticulture & Farm Ops,Farm Worker,Bengaluru,Full-time,2018-04-20,84,16523,198276,3.4,3.0,Medium,53,15,Active,Average (3-4)
EMP0090,Preeti Patil,Female,33,Horticulture & Farm Ops,Farm Worker,Talegaon Farm (Pune),Full-time,2022-01-21,38,18575,222900,3.3,3.3,Medium,38,12,Active,Average (3-4)
EMP0091,Arjun Dubey,Male,38,Horticulture & Farm Ops,Head Horticulturist,Talegaon Farm (Pune),Full-time,2022-09-13,31,87934,1055208,2.2,3.8,High,11,24,Active,Low (<3)
EMP0092,Piyush Srivastava,Male,25,Horticulture & Farm Ops,Polyhouse Technician,Talegaon Farm (Pune),Contract,2018-08-16,80,19640,235680,3.9,3.9,High,6,16,Active,Average (3-4)
EMP0093,Bhavna Pandey,Female,35,Horticulture & Farm Ops,Farm Worker,Talegaon Farm (Pune),Full-time,2018-09-24,79,20959,251508,4.0,3.6,Low,91,7,Active,High (>= 4)
EMP0094,Rajan Shetty,Male,49,Horticulture & Farm Ops,Polyhouse Technician,Bengaluru,Intern,2020-08-31,55,25461,305532,2.3,3.2,High,7,9,Active,Low (<3)
EMP0095,Pooja Tiwari,Female,24,Horticulture & Farm Ops,Senior Horticulturist,Talegaon Farm (Pune),Full-time,2021-02-21,49,39643,475716,2.9,3.9,Medium,1,9,Active,Low (<3)
EMP0096,Shreya Naik,Female,43,Horticulture & Farm Ops,Polyhouse Technician,Talegaon Farm (Pune),Full-time,2020-10-25,53,27283,327396,3.9,3.9,Low,57,16,Active,Average (3-4)
EMP0097,Mansi Agarwal,Female,41,Horticulture & Farm Ops,Senior Horticulturist,Bengaluru,Full-time,2022-07-16,32,30358,364296,4.1,3.4,High,17,12,Active,High (>= 4)
EMP0098,Payal Patil,Female,38,Horticulture & Farm Ops,Head Horticulturist,Talegaon Farm (Pune),Full-time,2020-10-04,54,106619,1279428,4.4,3.3,Low,96,12,Active,High (>= 4)
EMP0099,Priya Srivastava,Female,47,Horticulture & Farm Ops,Head Horticulturist,Talegaon Farm (Pune),Full-time,2020-06-01,58,89122,1069464,3.9,3.7,Low,22,9,Active,Average (3-4)
EMP0100,Abhishek Mishra,Male,51,Horticulture & Farm Ops,Farm Worker,Bengaluru,Full-time,2023-03-12,25,14205,170460,3.1,3.4,High,94,12,Active,Average (3-4)
EMP0101,Komal Kumar,Female,33,Horticulture & Farm Ops,Farm Worker,Talegaon Farm (Pune),Full-time,2018-04-29,84,15551,186612,3.3,4.1,Medium,11,23,Active,Average (3-4)
EMP0102,Aditya Agarwal,Male,38,Horticulture & Farm Ops,Polyhouse Technician,Talegaon Farm (Pune),Full-time,2021-05-29,46,21544,258528,2.8,3.7,Medium,24,22,Active,Low (<3)
EMP0103,Chhaya Menon,Female,32,Horticulture & Farm Ops,Polyhouse Technician,Talegaon Farm (Pune),Full-time,2018-12-02,77,18251,219012,3.6,2.5,High,88,15,Active,Average (3-4)
EMP0104,Shubham Murthy,Male,25,Horticulture & Farm Ops,Farm Worker,Talegaon Farm (Pune),Full-time,2019-04-03,72,20309,243708,2.2,3.3,High,45,22,Active,Low (<3)
EMP0105,Nisha Patil,Female,52,Horticulture & Farm Ops,Head Horticulturist,Talegaon Farm (Pune),Full-time,2021-05-08,47,101111,1213332,4.5,2.2,Low,51,23,Active,High (>= 4)
EMP0106,Sanjay Mishra,Male,32,Horticulture & Farm Ops,Polyhouse Technician,Bengaluru,Full-time,2023-06-05,22,25887,310644,4.3,3.1,Low,83,14,Active,High (>= 4)
EMP0107,Kavya Murthy,Female,21,Horticulture & Farm Ops,Senior Horticulturist,Talegaon Farm (Pune),Full-time,2022-08-25,31,44056,528672,5.0,3.7,Low,64,7,Inactive,High (>= 4)
EMP0108,Prateek Murthy,Male,42,Horticulture & Farm Ops,Farm Worker,Talegaon Farm (Pune),Full-time,2023-01-17,26,20637,247644,4.6,3.0,Low,89,15,Active,High (>= 4)
EMP0109,Sonal Murthy,Female,24,Horticulture & Farm Ops,Farm Worker,Talegaon Farm (Pune),Contract,2021-11-28,40,20296,243552,3.0,4.5,Medium,68,10,Active,Average (3-4)
EMP0110,Rajan Shukla,Male,21,Horticulture & Farm Ops,Head Horticulturist,Bengaluru,Full-time,2023-12-15,15,74935,899220,4.3,3.3,High,40,9,Active,High (>= 4)
EMP0111,Ankit Bhat,Male,46,Horticulture & Farm Ops,Plant Scientist,Talegaon Farm (Pune),Contract,2022-12-11,28,64199,770388,2.6,3.4,High,18,8,Active,Low (<3)
EMP0112,Shubham Kumar,Male,42,Horticulture & Farm Ops,Head Horticulturist,Talegaon Farm (Pune),Full-time,2021-02-07,50,96866,1162392,3.4,3.6,Medium,38,23,Active,Average (3-4)
EMP0113,Sanjay Hegde,Male,36,Horticulture & Farm Ops,Plant Scientist,Bengaluru,Full-time,2020-04-14,60,61290,735480,3.6,4.0,Low,5,22,Active,Average (3-4)
EMP0114,Tarun Hegde,Male,37,Horticulture & Farm Ops,Senior Horticulturist,Bengaluru,Contract,2023-08-05,20,32280,387360,3.9,2.8,Low,39,12,Active,Average (3-4)
EMP0115,Varun Joshi,Male,48,Horticulture & Farm Ops,Polyhouse Technician,Talegaon Farm (Pune),Full-time,2024-02-02,14,22597,271164,4.0,2.6,Low,67,5,Active,High (>= 4)
EMP0116,Nisha Bose,Female,37,Horticulture & Farm Ops,Senior Horticulturist,Bengaluru,Full-time,2020-07-12,57,30342,364104,3.7,3.5,High,75,0,Active,Average (3-4)
EMP0117,Meera Sharma,Female,29,Horticulture & Farm Ops,Senior Horticulturist,Talegaon Farm (Pune),Full-time,2018-04-14,84,42139,505668,4.0,3.4,Low,52,6,Active,High (>= 4)
EMP0118,Sonal Menon,Female,41,Horticulture & Farm Ops,Senior Horticulturist,Talegaon Farm (Pune),Full-time,2018-11-06,77,37603,451236,3.6,2.8,Low,88,10,Active,Average (3-4)
EMP0119,Payal Agarwal,Female,42,Horticulture & Farm Ops,Farm Worker,Bengaluru,Full-time,2019-04-11,72,20418,245016,3.7,3.4,Low,19,6,Active,Average (3-4)
EMP0120,Arjun Sharma,Male,31,Horticulture & Farm Ops,Plant Scientist,Talegaon Farm (Pune),Full-time,2023-07-13,20,52132,625584,3.4,3.6,Medium,45,19,Active,Average (3-4)
EMP0121,Priya Yadav,Female,31,Horticulture & Farm Ops,Senior Horticulturist,Bengaluru,Full-time,2019-11-22,65,33572,402864,3.5,3.3,Low,28,23,Active,Average (3-4)
EMP0122,Rajesh Yadav,Male,32,Horticulture & Farm Ops,Head Horticulturist,Talegaon Farm (Pune),Full-time,2022-11-09,29,92044,1104528,4.0,3.7,Low,6,6,Active,High (>= 4)
EMP0123,Rajesh Naik,Male,24,Horticulture & Farm Ops,Head Horticulturist,Bengaluru,Full-time,2021-05-17,47,83367,1000404,3.7,4.0,Low,89,5,Active,Average (3-4)
EMP0124,Priya Rajan,Female,52,Horticulture & Farm Ops,Head Horticulturist,Bengaluru,Full-time,2021-11-06,41,100637,1207644,3.6,4.3,Low,86,24,Active,Average (3-4)
EMP0125,Rekha Patel,Female,49,Horticulture & Farm Ops,Plant Scientist,Talegaon Farm (Pune),Full-time,2020-08-06,56,48886,586632,3.0,3.8,Medium,31,19,Active,Average (3-4)
EMP0126,Kartik Hegde,Male,31,Horticulture & Farm Ops,Plant Scientist,Talegaon Farm (Pune),Full-time,2019-02-22,74,59653,715836,5.0,3.0,Low,78,10,Active,High (>= 4)
EMP0127,Monika Dubey,Female,32,Horticulture & Farm Ops,Plant Scientist,Talegaon Farm (Pune),Full-time,2023-08-23,19,55025,660300,4.1,4.1,Low,10,1,Active,High (>= 4)
EMP0128,Tarun Ghosh,Male,34,Horticulture & Farm Ops,Plant Scientist,Bengaluru,Full-time,2021-11-02,41,40172,482064,4.9,2.4,High,8,7,Inactive,High (>= 4)
EMP0129,Tarun Shah,Male,39,Horticulture & Farm Ops,Plant Scientist,Talegaon Farm (Pune),Full-time,2018-10-09,78,50744,608928,3.3,2.9,Medium,85,6,Active,Average (3-4)
EMP0130,Arjun Joshi,Male,49,Horticulture & Farm Ops,Plant Scientist,Talegaon Farm (Pune),Full-time,2023-01-08,27,64288,771456,2.7,3.2,High,83,13,Active,Low (<3)
EMP0131,Pranav Jain,Male,34,Horticulture & Farm Ops,Senior Horticulturist,Talegaon Farm (Pune),Intern,2024-01-30,14,42400,508800,3.1,2.8,Medium,86,9,Active,Average (3-4)
EMP0132,Ankit Hegde,Male,29,Horticulture & Farm Ops,Head Horticulturist,Bengaluru,Contract,2022-02-09,38,81991,983892,3.8,2.9,Low,79,6,Inactive,Average (3-4)
EMP0133,Kavya Kumar,Female,43,Logistics & Supply Chain,Logistics Coordinator,Pune HQ,Full-time,2018-03-03,86,44791,537492,3.1,3.9,Medium,79,1,Active,Average (3-4)
EMP0134,Sanjay Chatterjee,Male,50,Logistics & Supply Chain,Packaging Lead,Pune HQ,Full-time,2019-11-25,65,22561,270732,3.3,3.5,High,46,6,Active,Average (3-4)
EMP0135,Divya Pandey,Female,42,Logistics & Supply Chain,Packaging Lead,Mumbai,Full-time,2023-08-28,19,28049,336588,4.3,3.8,Low,18,17,Active,High (>= 4)
EMP0136,Shubham Menon,Male,29,Logistics & Supply Chain,Packaging Lead,Pune HQ,Contract,2021-09-20,42,29530,354360,2.9,3.3,Medium,85,14,Active,Low (<3)
EMP0137,Pallavi Bose,Female,52,Logistics & Supply Chain,Logistics Coordinator,Mumbai,Contract,2021-12-11,40,41833,501996,3.6,4.3,Low,41,9,Active,Average (3-4)
EMP0138,Prateek Srivastava,Male,50,Logistics & Supply Chain,Warehouse Associate,Pune HQ,Full-time,2022-07-15,33,15647,187764,3.7,3.5,High,0,5,Active,Average (3-4)
EMP0139,Hemant Bhatt,Male,40,Logistics & Supply Chain,Warehouse Associate,Mumbai,Full-time,2020-03-18,61,16292,195504,2.9,3.3,High,1,11,Active,Low (<3)
EMP0140,Rekha Naik,Female,51,Logistics & Supply Chain,Supply Chain Manager,Bengaluru,Full-time,2021-04-09,48,80630,967560,3.0,3.4,Medium,58,9,Active,Average (3-4)
EMP0141,Ananya Menon,Female,33,Logistics & Supply Chain,Warehouse Associate,Pune HQ,Full-time,2019-07-26,69,20992,251904,3.7,3.4,Low,36,14,Active,Average (3-4)
EMP0142,Hemant Tiwari,Male,31,Logistics & Supply Chain,Logistics Coordinator,Bengaluru,Full-time,2021-01-07,51,43169,518028,3.2,3.8,Medium,55,24,Active,Average (3-4)
EMP0143,Mohit Bhatt,Male,51,Logistics & Supply Chain,Delivery Executive,Delhi,Intern,2020-10-08,54,23309,279708,4.3,3.6,Low,83,20,Active,High (>= 4)
EMP0144,Mansi Patel,Female,21,Logistics & Supply Chain,Warehouse Associate,Delhi,Full-time,2022-07-29,32,16301,195612,4.3,3.5,High,92,1,Active,High (>= 4)
EMP0145,Lokesh Reddy,Male,31,Logistics & Supply Chain,Delivery Executive,Pune HQ,Full-time,2019-08-17,68,18614,223368,4.0,3.5,Low,73,14,Inactive,High (>= 4)
EMP0146,Simran Menon,Female,44,Logistics & Supply Chain,Packaging Lead,Delhi,Contract,2020-06-22,58,33858,406296,3.1,2.8,Medium,84,21,Active,Average (3-4)
EMP0147,Geeta Desai,Female,47,Logistics & Supply Chain,Delivery Executive,Delhi,Full-time,2020-07-04,57,17797,213564,3.8,2.4,Low,89,19,Active,Average (3-4)
EMP0148,Pallavi Mehta,Female,39,Logistics & Supply Chain,Packaging Lead,Delhi,Full-time,2018-12-01,77,32742,392904,3.0,2.8,Medium,77,16,Active,Average (3-4)
EMP0149,Anjali Malhotra,Female,24,Logistics & Supply Chain,Supply Chain Manager,Delhi,Full-time,2018-04-19,84,67740,812880,3.5,3.1,Low,29,7,Active,Average (3-4)
EMP0150,Monika Pillai,Female,25,Logistics & Supply Chain,Warehouse Associate,Bengaluru,Full-time,2022-11-14,28,16276,195312,3.1,3.5,High,36,9,Active,Average (3-4)
EMP0151,Preeti Agarwal,Female,23,Logistics & Supply Chain,Packaging Lead,Bengaluru,Contract,2019-03-26,73,28587,343044,3.8,3.8,Low,95,3,Active,Average (3-4)
EMP0152,Payal Bose,Female,27,Logistics & Supply Chain,Supply Chain Manager,Mumbai,Full-time,2022-03-18,36,87027,1044324,3.5,3.1,Low,73,15,Active,Average (3-4)
EMP0153,Hardik Kumar,Male,36,Logistics & Supply Chain,Logistics Coordinator,Delhi,Full-time,2020-02-09,62,32995,395940,3.6,3.4,High,61,24,Active,Average (3-4)
EMP0154,Karan Kulkarni,Male,48,Logistics & Supply Chain,Supply Chain Manager,Mumbai,Contract,2020-10-24,53,66940,803280,4.3,4.0,Low,33,14,Active,High (>= 4)
EMP0155,Lavanya Bose,Female,37,Logistics & Supply Chain,Warehouse Associate,Mumbai,Full-time,2019-06-04,70,19611,235332,2.5,3.7,High,45,23,Active,Low (<3)
EMP0156,Tarun Shetty,Male,42,Logistics & Supply Chain,Supply Chain Manager,Delhi,Full-time,2019-01-21,75,88047,1056564,3.1,3.4,Medium,75,23,Active,Average (3-4)
EMP0157,Riya Singh,Female,34,Logistics & Supply Chain,Logistics Coordinator,Bengaluru,Full-time,2022-06-15,34,49957,599484,3.1,2.9,Medium,34,5,Active,Average (3-4)
EMP0158,Nisha Chatterjee,Female,47,Logistics & Supply Chain,Delivery Executive,Mumbai,Full-time,2021-05-19,47,21585,259020,3.3,4.2,Medium,29,4,Active,Average (3-4)
EMP0159,Nidhi Rao,Female,49,Logistics & Supply Chain,Warehouse Associate,Mumbai,Full-time,2019-10-11,66,16134,193608,3.8,3.9,High,55,4,Active,Average (3-4)
EMP0160,Nikhil Hegde,Male,46,Logistics & Supply Chain,Supply Chain Manager,Pune HQ,Full-time,2018-10-01,79,67857,814284,4.3,2.3,Low,23,9,Active,High (>= 4)
EMP0161,Siddharth Hegde,Male,37,Logistics & Supply Chain,Warehouse Associate,Mumbai,Full-time,2024-04-07,11,20306,243672,3.6,3.5,Low,58,15,Active,Average (3-4)
EMP0162,Vineet Choudhary,Male,31,Logistics & Supply Chain,Delivery Executive,Delhi,Full-time,2018-08-05,81,16875,202500,5.0,3.0,High,26,24,Active,High (>= 4)
EMP0163,Yash Sharma,Male,21,Logistics & Supply Chain,Logistics Coordinator,Pune HQ,Contract,2018-08-15,80,47689,572268,3.9,3.1,Low,8,3,Active,Average (3-4)
EMP0164,Anjali Nair,Female,27,Logistics & Supply Chain,Logistics Coordinator,Pune HQ,Contract,2020-11-13,53,45107,541284,3.4,2.4,Medium,6,1,Active,Average (3-4)
EMP0165,Rahul Murthy,Male,49,Logistics & Supply Chain,Packaging Lead,Delhi,Full-time,2020-12-03,52,30450,365400,3.1,3.6,Medium,67,8,Active,Average (3-4)
EMP0166,Deepak Pillai,Male,29,Logistics & Supply Chain,Packaging Lead,Bengaluru,Intern,2020-01-27,63,29863,358356,3.7,3.3,Low,75,21,Active,Average (3-4)
EMP0167,Kartik Gupta,Male,50,Logistics & Supply Chain,Packaging Lead,Delhi,Full-time,2023-08-19,19,24383,292596,3.4,4.0,Medium,49,15,Active,Average (3-4)
EMP0168,Sunita Kumar,Female,29,Logistics & Supply Chain,Delivery Executive,Pune HQ,Full-time,2019-03-26,73,22276,267312,3.1,3.8,Medium,57,9,Active,Average (3-4)
EMP0169,Rajesh Pillai,Male,30,Logistics & Supply Chain,Logistics Coordinator,Pune HQ,Full-time,2022-06-03,34,30617,367404,4.1,3.5,High,5,16,Active,High (>= 4)
EMP0170,Preeti Choudhary,Female,48,Logistics & Supply Chain,Supply Chain Manager,Bengaluru,Full-time,2023-04-27,23,61757,741084,4.5,3.4,High,93,2,Active,High (>= 4)
EMP0171,Meera Desai,Female,29,Logistics & Supply Chain,Logistics Coordinator,Delhi,Contract,2021-02-27,49,39018,468216,2.9,3.5,Medium,35,24,Active,Low (<3)
EMP0172,Shubham Jain,Male,26,Logistics & Supply Chain,Supply Chain Manager,Pune HQ,Full-time,2023-10-10,17,73530,882360,3.1,3.7,Medium,72,8,Inactive,Average (3-4)
EMP0173,Kartik Ghosh,Male,43,Logistics & Supply Chain,Logistics Coordinator,Pune HQ,Full-time,2022-05-22,34,39032,468384,3.6,3.2,Low,9,8,Active,Average (3-4)
EMP0174,Vidya Sharma,Female,28,Logistics & Supply Chain,Warehouse Associate,Mumbai,Full-time,2021-04-28,47,19432,233184,2.1,3.6,High,43,23,Active,Low (<3)
EMP0175,Neha Mishra,Female,24,Logistics & Supply Chain,Delivery Executive,Mumbai,Full-time,2018-08-31,80,16330,195960,4.0,3.5,High,95,1,Inactive,High (>= 4)
EMP0176,Swati Bhat,Female,27,Logistics & Supply Chain,Logistics Coordinator,Bengaluru,Full-time,2021-04-11,48,33759,405108,4.1,3.3,Low,79,16,Active,High (>= 4)
EMP0177,Tarun Shetty,Male,27,Logistics & Supply Chain,Warehouse Associate,Delhi,Full-time,2018-02-20,86,15647,187764,2.9,3.1,High,86,9,Active,Low (<3)
EMP0178,Bhavna Patel,Female,38,Logistics & Supply Chain,Delivery Executive,Delhi,Full-time,2019-11-19,65,23184,278208,3.1,3.5,Medium,85,6,Active,Average (3-4)
EMP0179,Rekha Kulkarni,Female,43,Logistics & Supply Chain,Logistics Coordinator,Bengaluru,Contract,2022-05-05,35,36850,442200,3.3,3.1,Medium,21,23,Active,Average (3-4)
EMP0180,Vidya Rajan,Female,43,Logistics & Supply Chain,Warehouse Associate,Mumbai,Full-time,2020-04-27,59,15085,181020,4.1,3.3,High,29,24,Active,High (>= 4)
EMP0181,Aakash Menon,Male,33,Logistics & Supply Chain,Logistics Coordinator,Delhi,Contract,2020-03-02,61,39247,470964,4.2,3.2,Low,19,20,Active,High (>= 4)
EMP0182,Piyush Pandey,Male,21,Logistics & Supply Chain,Logistics Coordinator,Bengaluru,Full-time,2020-08-30,55,31153,373836,2.9,3.1,High,25,4,Active,Low (<3)
EMP0183,Suresh Tiwari,Male,47,Logistics & Supply Chain,Packaging Lead,Pune HQ,Full-time,2019-07-04,69,33584,403008,3.3,4.2,Medium,62,16,Inactive,Average (3-4)
EMP0184,Vikas Agarwal,Male,31,Logistics & Supply Chain,Delivery Executive,Pune HQ,Contract,2018-02-20,86,16257,195084,3.3,3.1,High,84,22,Inactive,Average (3-4)
EMP0185,Hardik Das,Male,27,Logistics & Supply Chain,Packaging Lead,Pune HQ,Full-time,2021-11-26,40,30848,370176,3.7,3.2,Low,36,10,Active,Average (3-4)
EMP0186,Gaurav Kulkarni,Male,38,Logistics & Supply Chain,Warehouse Associate,Delhi,Full-time,2019-07-17,69,16308,195696,4.4,4.0,High,73,2,Active,High (>= 4)
EMP0187,Arjun Mishra,Male,35,Logistics & Supply Chain,Packaging Lead,Bengaluru,Full-time,2024-01-28,14,30807,369684,3.6,4.0,Low,29,14,Active,Average (3-4)
EMP0188,Payal Rao,Female,34,Logistics & Supply Chain,Logistics Coordinator,Pune HQ,Full-time,2019-09-14,67,34688,416256,3.4,3.9,Medium,27,11,Active,Average (3-4)
EMP0189,Sneha Shah,Female,43,Logistics & Supply Chain,Packaging Lead,Bengaluru,Contract,2021-12-28,39,25075,300900,3.4,2.6,Medium,51,7,Active,Average (3-4)
EMP0190,Sunita Kulkarni,Female,42,Logistics & Supply Chain,Warehouse Associate,Delhi,Intern,2019-08-12,68,15450,185400,3.5,3.3,High,6,15,Active,Average (3-4)
EMP0191,Isha Mehta,Female,30,Logistics & Supply Chain,Logistics Coordinator,Pune HQ,Full-time,2021-06-14,46,42650,511800,3.3,4.1,Medium,62,20,Active,Average (3-4)
EMP0192,Priya Malhotra,Female,43,Logistics & Supply Chain,Warehouse Associate,Mumbai,Full-time,2018-09-25,79,18037,216444,3.4,3.7,Medium,72,10,Active,Average (3-4)
EMP0193,Geeta Singh,Female,45,Logistics & Supply Chain,Logistics Coordinator,Mumbai,Full-time,2018-11-11,77,39369,472428,3.8,3.0,Low,36,2,Active,Average (3-4)
EMP0194,Swati Verma,Female,41,Logistics & Supply Chain,Logistics Coordinator,Pune HQ,Full-time,2021-12-23,39,32788,393456,3.8,3.0,High,52,15,Active,Average (3-4)
EMP0195,Sunita Agarwal,Female,48,Logistics & Supply Chain,Warehouse Associate,Bengaluru,Full-time,2019-03-10,73,20292,243504,4.2,3.6,Low,61,6,Active,High (>= 4)
EMP0196,Nisha Verma,Female,41,Logistics & Supply Chain,Delivery Executive,Delhi,Contract,2018-07-28,81,20024,240288,4.4,3.6,Low,8,22,Active,High (>= 4)
EMP0197,Prateek Sharma,Male,32,Logistics & Supply Chain,Logistics Coordinator,Pune HQ,Full-time,2021-02-02,50,41108,493296,3.7,3.4,Low,84,4,Active,Average (3-4)
EMP0198,Ishita Patel,Female,28,Logistics & Supply Chain,Logistics Coordinator,Bengaluru,Full-time,2023-01-17,26,42904,514848,3.9,4.8,Low,21,14,Active,Average (3-4)
EMP0199,Ajay Rao,Male,42,Logistics & Supply Chain,Delivery Executive,Delhi,Full-time,2022-12-27,27,18820,225840,4.1,3.8,Low,40,12,Active,High (>= 4)
EMP0200,Gaurav Shah,Male,35,Logistics & Supply Chain,Supply Chain Manager,Bengaluru,Full-time,2020-09-08,55,87228,1046736,2.6,3.5,High,94,16,Active,Low (<3)
EMP0201,Jyoti Tiwari,Female,50,Logistics & Supply Chain,Logistics Coordinator,Pune HQ,Full-time,2018-02-13,86,47912,574944,3.3,2.8,Medium,36,15,Active,Average (3-4)
EMP0202,Shubham Srivastava,Male,48,Logistics & Supply Chain,Packaging Lead,Bengaluru,Full-time,2020-04-11,60,27916,334992,3.5,3.5,Low,87,24,Active,Average (3-4)
EMP0203,Suresh Desai,Male,39,Logistics & Supply Chain,Supply Chain Manager,Mumbai,Intern,2020-08-12,56,79631,955572,3.8,3.4,Low,48,10,Active,Average (3-4)
EMP0204,Neha Tiwari,Female,38,Logistics & Supply Chain,Warehouse Associate,Delhi,Contract,2020-06-27,57,17697,212364,3.2,3.2,Medium,62,18,Active,Average (3-4)
EMP0205,Lokesh Reddy,Male,25,Logistics & Supply Chain,Supply Chain Manager,Mumbai,Full-time,2018-10-26,78,64132,769584,3.0,3.5,High,6,0,Active,Average (3-4)
EMP0206,Chhaya Dubey,Female,52,Logistics & Supply Chain,Logistics Coordinator,Mumbai,Contract,2020-07-20,57,42926,515112,4.3,3.6,Low,68,23,Inactive,High (>= 4)
EMP0207,Jyoti Mehta,Female,23,Logistics & Supply Chain,Supply Chain Manager,Pune HQ,Full-time,2018-04-15,84,89844,1078128,4.2,3.7,Low,30,4,Inactive,High (>= 4)
EMP0208,Shreya Rao,Female,52,Logistics & Supply Chain,Delivery Executive,Bengaluru,Full-time,2019-07-11,69,22071,264852,2.9,4.2,Medium,50,13,Active,Low (<3)
EMP0209,Dinesh Chatterjee,Male,31,Logistics & Supply Chain,Packaging Lead,Mumbai,Full-time,2020-05-11,59,32663,391956,3.1,2.9,Medium,70,15,Active,Average (3-4)
EMP0210,Deepika Menon,Female,42,Logistics & Supply Chain,Supply Chain Manager,Bengaluru,Full-time,2018-08-15,80,82545,990540,2.1,4.0,High,44,16,Active,Low (<3)
EMP0211,Megha Shah,Female,37,Logistics & Supply Chain,Warehouse Associate,Delhi,Full-time,2023-01-02,27,17235,206820,3.3,3.7,Medium,41,11,Active,Average (3-4)
EMP0212,Rohit Iyer,Male,38,Logistics & Supply Chain,Logistics Coordinator,Bengaluru,Full-time,2018-05-30,83,41803,501636,3.5,2.9,Low,39,9,Active,Average (3-4)
EMP0213,Monika Nair,Female,37,Logistics & Supply Chain,Logistics Coordinator,Mumbai,Full-time,2018-08-05,81,32296,387552,2.8,3.2,High,26,19,Active,Low (<3)
EMP0214,Shreya Tiwari,Female,29,Logistics & Supply Chain,Supply Chain Manager,Pune HQ,Full-time,2018-06-14,82,73000,876000,3.2,2.8,Medium,86,24,Active,Average (3-4)
EMP0215,Chhaya Bose,Female,52,Logistics & Supply Chain,Packaging Lead,Bengaluru,Full-time,2021-06-10,46,27096,325152,5.0,3.7,Low,56,6,Active,High (>= 4)
EMP0216,Riya Malhotra,Female,37,Logistics & Supply Chain,Packaging Lead,Bengaluru,Full-time,2022-03-07,37,27516,330192,4.0,3.3,Low,37,2,Active,High (>= 4)
EMP0217,Ishita Kumar,Female,49,Logistics & Supply Chain,Supply Chain Manager,Mumbai,Contract,2021-12-16,40,84511,1014132,3.7,3.5,Low,33,21,Active,Average (3-4)
EMP0218,Pranav Bhat,Male,35,Logistics & Supply Chain,Supply Chain Manager,Pune HQ,Full-time,2021-01-04,51,78236,938832,3.0,3.3,Medium,45,24,Active,Average (3-4)
EMP0219,Neha Bhatt,Female,47,Logistics & Supply Chain,Supply Chain Manager,Mumbai,Full-time,2022-08-19,31,66080,792960,4.0,3.3,Low,56,9,Active,High (>= 4)
EMP0220,Divya Agarwal,Female,44,Logistics & Supply Chain,Supply Chain Manager,Mumbai,Intern,2020-05-08,59,73402,880824,3.8,3.3,Low,69,8,Active,Average (3-4)
EMP0221,Arjun Nair,Male,36,Logistics & Supply Chain,Supply Chain Manager,Bengaluru,Full-time,2021-02-17,50,84401,1012812,3.2,3.3,Medium,75,18,Active,Average (3-4)
EMP0222,Khushi Malhotra,Female,35,Logistics & Supply Chain,Logistics Coordinator,Mumbai,Full-time,2018-06-05,83,35531,426372,3.7,3.1,Low,92,21,Active,Average (3-4)
EMP0223,Hemant Rao,Male,25,Logistics & Supply Chain,Packaging Lead,Mumbai,Full-time,2021-01-08,51,24232,290784,4.4,2.5,Low,96,2,Active,High (>= 4)
EMP0224,Ravi Sharma,Male,42,Logistics & Supply Chain,Supply Chain Manager,Delhi,Full-time,2018-02-18,86,85797,1029564,4.4,3.5,Low,39,24,Active,High (>= 4)
EMP0225,Nidhi Yadav,Female,22,Logistics & Supply Chain,Delivery Executive,Delhi,Full-time,2018-03-02,86,22449,269388,3.7,3.2,Low,36,14,Active,Average (3-4)
EMP0226,Mansi Malhotra,Female,51,Logistics & Supply Chain,Warehouse Associate,Mumbai,Full-time,2021-07-18,45,20079,240948,3.9,4.0,Low,28,14,Active,Average (3-4)
EMP0227,Ananya Hegde,Female,47,Logistics & Supply Chain,Packaging Lead,Pune HQ,Full-time,2022-07-29,32,22774,273288,2.4,3.8,High,25,15,Active,Low (<3)
EMP0228,Khushi Pandey,Female,37,Logistics & Supply Chain,Packaging Lead,Mumbai,Contract,2019-07-12,69,34975,419700,3.4,2.7,Medium,52,3,Active,Average (3-4)
EMP0229,Meera Rajan,Female,42,Logistics & Supply Chain,Supply Chain Manager,Pune HQ,Full-time,2022-11-09,29,77529,930348,4.0,2.7,Low,36,15,Active,High (>= 4)
EMP0230,Varun Hegde,Male,34,Logistics & Supply Chain,Warehouse Associate,Delhi,Full-time,2020-06-20,58,20816,249792,2.1,3.3,High,23,7,Active,Low (<3)
EMP0231,Chhaya Rao,Female,26,Logistics & Supply Chain,Delivery Executive,Pune HQ,Contract,2019-11-21,65,17860,214320,3.2,3.6,Medium,41,14,Active,Average (3-4)
EMP0232,Nisha Reddy,Female,28,Logistics & Supply Chain,Delivery Executive,Bengaluru,Full-time,2021-05-22,46,19148,229776,4.1,4.0,Low,7,8,Active,High (>= 4)
EMP0233,Komal Shukla,Female,35,Logistics & Supply Chain,Logistics Coordinator,Bengaluru,Full-time,2023-02-27,25,32103,385236,3.3,3.9,High,35,1,Active,Average (3-4)
EMP0234,Bhavna Desai,Female,38,Logistics & Supply Chain,Packaging Lead,Bengaluru,Intern,2024-04-14,11,22879,274548,4.1,3.7,High,60,7,Active,High (>= 4)
EMP0235,Pooja Das,Female,25,Logistics & Supply Chain,Delivery Executive,Delhi,Full-time,2020-12-03,52,21379,256548,4.0,4.5,Low,38,3,Active,High (>= 4)
EMP0236,Tarun Nair,Male,29,Logistics & Supply Chain,Delivery Executive,Mumbai,Contract,2023-03-28,24,16794,201528,2.6,4.4,High,46,17,Active,Low (<3)
EMP0237,Ritika Gupta,Female,52,Logistics & Supply Chain,Warehouse Associate,Delhi,Full-time,2021-02-13,50,16377,196524,2.6,5.0,High,47,9,Active,Low (<3)
EMP0238,Prateek Iyer,Male,23,Logistics & Supply Chain,Packaging Lead,Pune HQ,Contract,2019-08-28,68,22124,265488,3.8,3.1,High,75,16,Active,Average (3-4)
EMP0239,Rajan Ghosh,Male,52,Logistics & Supply Chain,Supply Chain Manager,Mumbai,Full-time,2018-03-12,85,75599,907188,3.0,3.9,Medium,32,4,Active,Average (3-4)
EMP0240,Komal Joshi,Female,33,Logistics & Supply Chain,Warehouse Associate,Mumbai,Full-time,2022-07-27,32,21562,258744,3.3,3.1,Medium,26,11,Inactive,Average (3-4)
EMP0241,Lokesh Rao,Male,44,Marketing & Brand,Brand Manager,Mumbai,Full-time,2021-12-10,40,56446,677352,3.5,3.8,High,28,13,Active,Average (3-4)
EMP0242,Riya Reddy,Female,24,Marketing & Brand,Brand Manager,Mumbai,Full-time,2019-09-28,67,71972,863664,3.1,3.3,Medium,78,16,Active,Average (3-4)
EMP0243,Rohit Joshi,Male,51,Marketing & Brand,CMO,Pune HQ,Full-time,2021-10-08,42,192366,2308392,3.8,3.7,Low,61,2,Active,Average (3-4)
EMP0244,Piyush Chatterjee,Male,37,Marketing & Brand,Digital Marketing Executive,Mumbai,Contract,2023-09-14,18,44596,535152,4.2,2.9,Low,40,1,Active,High (>= 4)
EMP0245,Nidhi Naik,Female,31,Marketing & Brand,CMO,Pune HQ,Full-time,2022-10-17,29,213714,2564568,3.7,4.1,Low,79,9,Active,Average (3-4)
EMP0246,Pooja Shetty,Female,28,Marketing & Brand,SEO Analyst,Mumbai,Full-time,2019-02-09,74,38818,465816,3.2,3.6,Medium,48,10,Inactive,Average (3-4)
EMP0247,Pooja Mehta,Female,31,Marketing & Brand,Digital Marketing Executive,Pune HQ,Full-time,2020-05-06,59,33670,404040,4.5,3.6,Low,78,5,Active,High (>= 4)
EMP0248,Sanjay Hegde,Male,42,Marketing & Brand,SEO Analyst,Pune HQ,Full-time,2020-06-26,57,43097,517164,4.9,3.5,Low,67,14,Active,High (>= 4)
EMP0249,Nidhi Nair,Female,29,Marketing & Brand,Influencer Manager,Mumbai,Full-time,2022-05-18,34,33982,407784,3.8,3.9,Low,55,18,Active,Average (3-4)
EMP0250,Ankit Yadav,Male,37,Marketing & Brand,CMO,Mumbai,Full-time,2018-08-13,80,195347,2344164,3.6,3.6,Low,19,7,Active,Average (3-4)
EMP0251,Lavanya Nair,Female,46,Marketing & Brand,Digital Marketing Executive,Mumbai,Contract,2020-08-30,55,30278,363336,3.1,2.9,Medium,85,0,Active,Average (3-4)
EMP0252,Abhishek Verma,Male,23,Marketing & Brand,CMO,Mumbai,Full-time,2018-07-23,81,209223,2510676,2.2,3.6,High,8,17,Active,Low (<3)
EMP0253,Prateek Iyer,Male,27,Marketing & Brand,Digital Marketing Executive,Mumbai,Full-time,2020-01-23,63,38003,456036,3.0,3.8,Medium,69,22,Active,Average (3-4)
EMP0254,Shubham Singh,Male,26,Marketing & Brand,CMO,Mumbai,Full-time,2022-07-09,33,197999,2375988,4.0,3.3,Low,70,5,Active,High (>= 4)
EMP0255,Nikhil Das,Male,38,Marketing & Brand,Content Creator,Mumbai,Full-time,2019-10-13,66,33672,404064,2.5,2.5,High,95,10,Inactive,Low (<3)
EMP0256,Shreya Verma,Female,38,Marketing & Brand,Brand Manager,Mumbai,Full-time,2020-12-13,52,66083,792996,4.2,4.3,Low,56,7,Active,High (>= 4)
EMP0257,Neha Patel,Female,37,Marketing & Brand,SEO Analyst,Mumbai,Full-time,2021-02-20,50,36572,438864,3.2,2.9,Medium,70,17,Active,Average (3-4)
EMP0258,Shreya Patil,Female,37,Marketing & Brand,CMO,Pune HQ,Contract,2018-05-16,83,156020,1872240,3.4,3.1,High,13,20,Active,Average (3-4)
EMP0259,Abhishek Hegde,Male,45,Marketing & Brand,Digital Marketing Executive,Mumbai,Contract,2024-01-29,14,34374,412488,3.8,4.4,Low,21,2,Active,Average (3-4)
EMP0260,Aditya Srivastava,Male,51,Marketing & Brand,Brand Manager,Pune HQ,Full-time,2022-12-13,27,58754,705048,3.2,3.7,High,46,10,Active,Average (3-4)
EMP0261,Rohit Jain,Male,48,Marketing & Brand,SEO Analyst,Mumbai,Full-time,2021-05-16,47,40126,481512,3.7,3.2,Low,40,24,Active,Average (3-4)
EMP0262,Monika Rajan,Female,51,Marketing & Brand,Influencer Manager,Pune HQ,Contract,2022-09-26,30,50707,608484,4.0,4.5,Low,88,7,Active,High (>= 4)
EMP0263,Shweta Tiwari,Female,27,Marketing & Brand,Brand Manager,Mumbai,Full-time,2024-02-25,13,77727,932724,3.7,3.6,Low,58,13,Inactive,Average (3-4)
EMP0264,Preeti Rajan,Female,25,Marketing & Brand,Influencer Manager,Mumbai,Full-time,2023-10-01,18,41266,495192,3.4,3.6,Medium,53,4,Active,Average (3-4)
EMP0265,Mansi Mishra,Female,47,Marketing & Brand,Digital Marketing Executive,Pune HQ,Intern,2023-02-19,25,35144,421728,3.6,3.7,Low,82,11,Active,Average (3-4)
EMP0266,Nikhil Patel,Male,52,Marketing & Brand,Influencer Manager,Mumbai,Contract,2019-04-14,72,48418,581016,2.8,3.0,Medium,19,14,Active,Low (<3)
EMP0267,Rekha Das,Female,28,Marketing & Brand,Content Creator,Pune HQ,Full-time,2019-08-30,68,39959,479508,3.9,2.9,Low,66,12,Active,Average (3-4)
EMP0268,Abhishek Kulkarni,Male,22,Marketing & Brand,Influencer Manager,Mumbai,Intern,2023-05-29,22,54230,650760,3.2,3.2,Medium,77,4,Active,Average (3-4)
EMP0269,Tushar Kulkarni,Male,41,Marketing & Brand,Content Creator,Mumbai,Contract,2023-03-31,24,27559,330708,4.7,2.8,Low,16,22,Active,High (>= 4)
EMP0270,Anjali Agarwal,Female,44,Marketing & Brand,Influencer Manager,Mumbai,Full-time,2022-07-05,33,42459,509508,3.7,2.9,Low,75,5,Active,Average (3-4)
EMP0271,Shubham Jain,Male,41,Marketing & Brand,Influencer Manager,Pune HQ,Contract,2021-08-09,44,43289,519468,3.3,3.4,Medium,41,15,Active,Average (3-4)
EMP0272,Hemant Murthy,Male,46,Marketing & Brand,SEO Analyst,Pune HQ,Full-time,2018-06-06,83,45515,546180,2.9,3.5,Medium,91,7,Active,Low (<3)
EMP0273,Dinesh Verma,Male,46,Marketing & Brand,Brand Manager,Pune HQ,Full-time,2023-11-10,16,62804,753648,3.5,4.3,Low,33,11,Inactive,Average (3-4)
EMP0274,Sanjay Ghosh,Male,48,Marketing & Brand,Brand Manager,Mumbai,Full-time,2024-03-22,12,83594,1003128,4.7,3.5,Low,17,18,Active,High (>= 4)
EMP0275,Varun Singh,Male,31,Marketing & Brand,Digital Marketing Executive,Pune HQ,Full-time,2020-01-14,63,28730,344760,3.9,3.5,Low,86,23,Active,Average (3-4)
EMP0276,Piyush Patil,Male,28,Marketing & Brand,Influencer Manager,Mumbai,Full-time,2018-01-27,87,36696,440352,4.0,3.5,Low,70,12,Active,High (>= 4)
EMP0277,Prateek Bhat,Male,36,Marketing & Brand,Brand Manager,Pune HQ,Full-time,2020-10-25,53,60262,723144,3.4,2.8,High,91,10,Active,Average (3-4)
EMP0278,Divya Kumar,Female,38,Marketing & Brand,Brand Manager,Mumbai,Full-time,2018-01-29,87,63320,759840,2.7,3.5,High,52,16,Active,Low (<3)
EMP0279,Sanjay Chatterjee,Male,21,Marketing & Brand,SEO Analyst,Mumbai,Contract,2020-02-19,62,44810,537720,2.9,4.3,Medium,17,23,Active,Low (<3)
EMP0280,Preeti Rajan,Female,52,Marketing & Brand,Influencer Manager,Mumbai,Full-time,2023-04-06,24,53087,637044,2.4,3.3,High,49,4,Active,Low (<3)
EMP0281,Ankit Ghosh,Male,41,Marketing & Brand,CMO,Mumbai,Full-time,2018-07-15,81,163203,1958436,3.8,3.6,High,23,21,Inactive,Average (3-4)
EMP0282,Ravi Jain,Male,40,Marketing & Brand,Influencer Manager,Pune HQ,Full-time,2018-12-18,76,43978,527736,1.9,3.0,High,13,10,Active,Low (<3)
EMP0283,Nisha Yadav,Female,43,Marketing & Brand,Influencer Manager,Mumbai,Contract,2023-02-08,26,47560,570720,4.1,3.7,Low,24,24,Active,High (>= 4)
EMP0284,Pooja Rao,Female,41,Marketing & Brand,Influencer Manager,Mumbai,Full-time,2024-04-08,11,36737,440844,3.0,3.2,Medium,17,18,Active,Average (3-4)
EMP0285,Gaurav Malhotra,Male,38,Marketing & Brand,Influencer Manager,Mumbai,Full-time,2018-01-01,88,45170,542040,3.7,3.8,Low,93,8,Active,Average (3-4)
EMP0286,Vikas Gupta,Male,50,Marketing & Brand,Content Creator,Pune HQ,Full-time,2023-11-28,16,34174,410088,2.4,4.2,High,19,9,Active,Low (<3)
EMP0287,Siddharth Ghosh,Male,22,Marketing & Brand,Brand Manager,Mumbai,Full-time,2021-07-24,44,83232,998784,3.8,3.5,Low,7,24,Inactive,Average (3-4)
EMP0288,Preeti Hegde,Female,29,Marketing & Brand,Influencer Manager,Pune HQ,Full-time,2023-06-25,21,38004,456048,3.3,3.6,Medium,50,7,Active,Average (3-4)
EMP0289,Karan Gupta,Male,38,Marketing & Brand,CMO,Pune HQ,Full-time,2019-09-07,67,207425,2489100,2.9,4.1,Medium,48,17,Active,Low (<3)
EMP0290,Amit Reddy,Male,41,Marketing & Brand,SEO Analyst,Pune HQ,Full-time,2020-06-12,58,32978,395736,4.3,3.5,Low,46,20,Active,High (>= 4)
EMP0291,Kavya Murthy,Female,42,Marketing & Brand,Influencer Manager,Mumbai,Full-time,2022-02-26,37,52715,632580,4.8,2.9,Low,37,4,Active,High (>= 4)
EMP0292,Vivek Joshi,Male,23,Marketing & Brand,CMO,Pune HQ,Full-time,2018-03-24,85,156046,1872552,4.1,4.5,High,42,16,Active,High (>= 4)
EMP0293,Heena Das,Female,35,Marketing & Brand,Digital Marketing Executive,Pune HQ,Contract,2021-08-17,44,39778,477336,3.4,3.4,Medium,96,11,Active,Average (3-4)
EMP0294,Lokesh Joshi,Male,40,Marketing & Brand,SEO Analyst,Pune HQ,Full-time,2020-01-18,63,47366,568392,3.4,3.7,Medium,35,10,Active,Average (3-4)
EMP0295,Sanjay Bhat,Male,26,Technology & Product,Frontend Engineer,Pune HQ,Full-time,2019-02-23,74,91857,1102284,3.6,3.3,Low,69,1,Active,Average (3-4)
EMP0296,Ravi Chatterjee,Male,25,Technology & Product,Frontend Engineer,Pune HQ,Full-time,2018-01-02,88,71906,862872,3.2,2.9,Medium,12,9,Active,Average (3-4)
EMP0297,Ananya Patel,Female,46,Technology & Product,DevOps,Bengaluru,Full-time,2021-08-26,43,74730,896760,2.0,3.5,High,70,9,Active,Low (<3)
EMP0298,Rahul Das,Male,32,Technology & Product,DevOps,Bengaluru,Full-time,2021-01-14,51,72500,870000,3.3,2.8,Medium,78,8,Active,Average (3-4)
EMP0299,Neha Sharma,Female,45,Technology & Product,Backend Engineer,Bengaluru,Full-time,2018-12-21,76,64545,774540,3.5,3.8,Low,68,12,Active,Average (3-4)
EMP0300,Nisha Singh,Female,37,Technology & Product,Frontend Engineer,Pune HQ,Full-time,2020-12-20,52,61999,743988,2.7,3.9,High,86,14,Active,Low (<3)
EMP0301,Shreya Pillai,Female,38,Technology & Product,Product Manager,Pune HQ,Full-time,2018-01-30,87,105722,1268664,3.1,3.8,Medium,57,20,Active,Average (3-4)
EMP0302,Nidhi Nair,Female,46,Technology & Product,Frontend Engineer,Bengaluru,Full-time,2021-06-23,45,68150,817800,5.0,2.7,Low,21,9,Active,High (>= 4)
EMP0303,Manish Tiwari,Male,29,Technology & Product,Data Analyst,Pune HQ,Full-time,2023-04-12,23,57815,693780,4.7,3.7,Low,9,4,Active,High (>= 4)
EMP0304,Vivek Bhat,Male,32,Technology & Product,Product Manager,Pune HQ,Full-time,2024-03-23,12,122166,1465992,5.0,3.8,Low,80,16,Active,High (>= 4)
EMP0305,Tushar Sharma,Male,39,Technology & Product,CTO,Pune HQ,Full-time,2018-08-01,81,198007,2376084,3.4,3.7,Medium,48,3,Active,Average (3-4)
EMP0306,Mohit Bhat,Male,42,Technology & Product,Data Analyst,Bengaluru,Full-time,2020-06-19,58,45938,551256,4.0,3.2,Low,94,21,Active,High (>= 4)
EMP0307,Kartik Patil,Male,46,Technology & Product,Backend Engineer,Bengaluru,Full-time,2023-05-13,22,98939,1187268,4.6,4.3,Low,40,15,Active,High (>= 4)
EMP0308,Nilesh Patil,Male,28,Technology & Product,Frontend Engineer,Bengaluru,Full-time,2022-09-08,31,92882,1114584,2.6,4.1,High,0,20,Active,Low (<3)
EMP0309,Aakash Verma,Male,41,Technology & Product,DevOps,Pune HQ,Full-time,2024-03-23,12,73167,878004,4.3,4.6,Low,65,19,Active,High (>= 4)
EMP0310,Ritika Ghosh,Female,24,Technology & Product,CTO,Bengaluru,Full-time,2020-06-19,58,207680,2492160,3.1,3.8,Medium,6,7,Active,Average (3-4)
EMP0311,Mohit Pillai,Male,25,Technology & Product,Backend Engineer,Pune HQ,Full-time,2021-09-09,43,69135,829620,4.5,3.3,Low,68,19,Active,High (>= 4)
EMP0312,Amit Iyer,Male,41,Technology & Product,DevOps,Bengaluru,Full-time,2022-05-16,35,82512,990144,3.6,4.2,Low,77,5,Active,Average (3-4)
EMP0313,Amit Reddy,Male,38,Technology & Product,CTO,Bengaluru,Full-time,2023-09-08,19,226775,2721300,4.2,4.1,Low,75,22,Active,High (>= 4)
EMP0314,Lokesh Chatterjee,Male,27,Technology & Product,Product Manager,Pune HQ,Contract,2019-03-14,73,94049,1128588,2.9,3.4,Medium,79,15,Active,Low (<3)
EMP0315,Swati Shetty,Female,52,Technology & Product,Frontend Engineer,Bengaluru,Full-time,2022-12-28,27,92375,1108500,4.6,3.5,Low,10,14,Active,High (>= 4)
EMP0316,Simran Tiwari,Female,22,Technology & Product,DevOps,Bengaluru,Full-time,2021-10-23,41,102498,1229976,3.1,2.2,Medium,19,7,Active,Average (3-4)
EMP0317,Varun Gupta,Male,37,Technology & Product,CTO,Bengaluru,Full-time,2022-08-14,32,185119,2221428,3.5,4.4,High,30,20,Active,Average (3-4)
EMP0318,Ajay Pandey,Male,27,Technology & Product,Data Analyst,Pune HQ,Full-time,2018-08-24,80,65366,784392,3.5,4.4,Low,51,6,Active,Average (3-4)
EMP0319,Sonal Das,Female,46,Technology & Product,Frontend Engineer,Pune HQ,Full-time,2021-03-20,49,76472,917664,3.0,3.6,Medium,3,9,Active,Average (3-4)
EMP0320,Piyush Rao,Male,27,Technology & Product,Data Analyst,Pune HQ,Full-time,2020-02-20,62,52799,633588,3.3,4.0,Medium,81,9,Active,Average (3-4)
EMP0321,Aakash Naik,Male,28,Technology & Product,DevOps,Pune HQ,Contract,2022-10-29,29,105385,1264620,3.0,3.2,Medium,32,9,Active,Average (3-4)
EMP0322,Umesh Rajan,Male,28,Technology & Product,CTO,Pune HQ,Full-time,2022-06-27,33,227190,2726280,3.8,3.2,Low,82,5,Active,Average (3-4)
EMP0323,Shreya Patel,Female,51,Technology & Product,DevOps,Pune HQ,Contract,2023-12-07,16,91773,1101276,3.8,3.3,Low,12,18,Active,Average (3-4)
EMP0324,Shreya Singh,Female,35,Technology & Product,Backend Engineer,Pune HQ,Full-time,2020-06-03,58,69717,836604,2.6,3.8,High,46,6,Active,Low (<3)
EMP0325,Nilesh Shukla,Male,49,Technology & Product,Frontend Engineer,Bengaluru,Full-time,2019-01-18,75,98693,1184316,4.4,3.4,Low,74,12,Active,High (>= 4)
EMP0326,Arjun Bose,Male,44,Technology & Product,Product Manager,Pune HQ,Full-time,2022-06-30,33,94113,1129356,2.4,4.2,High,55,18,Active,Low (<3)
EMP0327,Gaurav Tiwari,Male,30,Technology & Product,Frontend Engineer,Bengaluru,Full-time,2023-11-12,16,54056,648672,2.9,3.3,High,6,12,Active,Low (<3)
EMP0328,Priya Murthy,Female,51,Technology & Product,Data Analyst,Pune HQ,Full-time,2020-12-21,52,48975,587700,4.2,3.7,Low,4,15,Active,High (>= 4)
EMP0329,Pooja Tiwari,Female,29,Technology & Product,Backend Engineer,Bengaluru,Full-time,2018-01-07,88,119452,1433424,3.3,2.9,Medium,41,8,Active,Average (3-4)
EMP0330,Deepika Pandey,Female,31,Technology & Product,DevOps,Bengaluru,Full-time,2022-08-27,31,82819,993828,3.6,3.4,Low,63,1,Active,Average (3-4)
EMP0331,Geeta Choudhary,Female,46,Technology & Product,Product Manager,Pune HQ,Full-time,2019-10-22,66,135292,1623504,3.0,4.1,Medium,6,14,Active,Average (3-4)
EMP0332,Anjali Murthy,Female,34,Technology & Product,Frontend Engineer,Pune HQ,Full-time,2020-06-04,58,100675,1208100,3.4,4.3,Medium,72,24,Active,Average (3-4)
EMP0333,Siddharth Gupta,Male,24,Technology & Product,Frontend Engineer,Pune HQ,Contract,2019-10-28,66,99892,1198704,2.9,4.2,Medium,34,0,Active,Low (<3)
EMP0334,Sakshi Das,Female,37,Technology & Product,CTO,Pune HQ,Full-time,2020-11-09,53,234460,2813520,4.2,3.6,Low,63,20,Active,High (>= 4)
EMP0335,Pooja Nair,Female,36,Technology & Product,Backend Engineer,Pune HQ,Full-time,2024-04-02,12,81951,983412,2.8,3.7,Medium,71,20,Active,Low (<3)
EMP0336,Sanjay Rajan,Male,28,Technology & Product,DevOps,Bengaluru,Full-time,2018-08-30,80,63767,765204,4.1,3.5,High,65,24,Active,High (>= 4)
EMP0337,Megha Pillai,Female,27,Technology & Product,CTO,Pune HQ,Full-time,2019-09-03,67,275738,3308856,4.1,4.2,Low,95,2,Active,High (>= 4)
EMP0338,Ishita Tiwari,Female,23,Technology & Product,CTO,Pune HQ,Full-time,2019-09-01,67,246955,2963460,3.2,3.2,Medium,76,12,Active,Average (3-4)
EMP0339,Shweta Bhatt,Female,38,Technology & Product,Backend Engineer,Bengaluru,Full-time,2021-05-17,47,113198,1358376,2.9,2.6,Medium,27,19,Active,Low (<3)
EMP0340,Kavya Mishra,Female,50,Technology & Product,Data Analyst,Bengaluru,Contract,2020-03-01,61,58198,698376,3.2,3.0,Medium,60,23,Active,Average (3-4)
EMP0341,Priya Singh,Female,41,Technology & Product,Frontend Engineer,Pune HQ,Full-time,2018-04-28,84,86292,1035504,2.7,3.0,High,17,9,Active,Low (<3)
EMP0342,Heena Naik,Female,29,Technology & Product,Product Manager,Pune HQ,Contract,2018-03-17,85,137779,1653348,4.3,4.0,Low,80,22,Active,High (>= 4)
EMP0343,Rekha Sharma,Female,34,Customer Experience,Customer Support Executive,Pune HQ,Full-time,2022-08-22,31,23357,280284,2.7,3.1,High,72,2,Active,Low (<3)
EMP0344,Tarun Agarwal,Male,21,Customer Experience,Customer Support Executive,Bengaluru,Full-time,2022-03-29,36,23821,285852,4.1,4.1,Low,51,17,Active,High (>= 4)
EMP0345,Heena Nair,Female,31,Customer Experience,Retention Specialist,Bengaluru,Full-time,2022-08-11,32,53556,642672,3.7,3.8,Low,61,4,Active,Average (3-4)
EMP0346,Tanvi Choudhary,Female,27,Customer Experience,CX Team Lead,Pune HQ,Full-time,2020-08-10,56,35235,422820,2.2,3.7,High,84,22,Active,Low (<3)
EMP0347,Mansi Kumar,Female,23,Customer Experience,Retention Specialist,Pune HQ,Full-time,2020-09-12,55,48760,585120,3.4,3.2,Medium,19,1,Active,Average (3-4)
EMP0348,Lavanya Agarwal,Female,32,Customer Experience,Customer Support Executive,Pune HQ,Full-time,2023-06-12,21,25174,302088,4.6,2.9,Low,75,15,Active,High (>= 4)
EMP0349,Ajay Iyer,Male,26,Customer Experience,CX Team Lead,Bengaluru,Full-time,2020-09-17,55,46112,553344,3.4,3.0,Medium,86,13,Active,Average (3-4)
EMP0350,Sonal Srivastava,Female,50,Customer Experience,Quality Analyst,Bengaluru,Full-time,2019-09-01,67,43506,522072,4.5,3.8,Low,93,19,Inactive,High (>= 4)
EMP0351,Mohit Srivastava,Male,40,Customer Experience,Quality Analyst,Pune HQ,Full-time,2019-01-09,75,39588,475056,2.9,3.6,Medium,1,5,Inactive,Low (<3)
EMP0352,Nidhi Rao,Female,52,Customer Experience,Customer Support Executive,Bengaluru,Full-time,2024-02-07,13,20627,247524,4.2,4.2,Low,44,8,Active,High (>= 4)
EMP0353,Anjali Rao,Female,22,Customer Experience,CX Team Lead,Bengaluru,Full-time,2018-12-08,76,35355,424260,3.2,3.8,Medium,75,9,Active,Average (3-4)
EMP0354,Suresh Naik,Male,42,Customer Experience,CX Team Lead,Bengaluru,Intern,2021-12-18,39,32616,391392,3.2,3.9,High,26,22,Active,Average (3-4)
EMP0355,Riya Joshi,Female,47,Customer Experience,CX Team Lead,Bengaluru,Full-time,2018-09-18,79,34104,409248,4.4,4.0,High,68,1,Active,High (>= 4)
EMP0356,Sonal Mehta,Female,22,Customer Experience,Quality Analyst,Pune HQ,Full-time,2019-01-06,75,36158,433896,4.1,4.2,Low,65,23,Active,High (>= 4)
EMP0357,Rohit Srivastava,Male,45,Customer Experience,Quality Analyst,Bengaluru,Full-time,2019-03-27,73,44089,529068,3.5,3.8,Low,29,19,Active,Average (3-4)
EMP0358,Vidya Shukla,Female,29,Customer Experience,Retention Specialist,Pune HQ,Full-time,2021-12-28,39,35663,427956,3.9,4.1,Low,39,0,Active,Average (3-4)
EMP0359,Pallavi Srivastava,Female,44,Customer Experience,CX Team Lead,Pune HQ,Full-time,2023-12-21,15,34460,413520,3.0,3.1,High,21,9,Active,Average (3-4)
EMP0360,Varun Pillai,Male,40,Customer Experience,Customer Support Executive,Pune HQ,Full-time,2020-06-08,58,19389,232668,3.3,3.7,High,85,17,Active,Average (3-4)
EMP0361,Ravi Bhatt,Male,30,Customer Experience,Customer Support Executive,Pune HQ,Full-time,2019-01-30,75,22831,273972,3.7,3.8,Low,40,21,Active,Average (3-4)
EMP0362,Isha Ghosh,Female,21,Customer Experience,Quality Analyst,Bengaluru,Full-time,2018-09-20,79,29809,357708,4.1,3.0,High,19,23,Active,High (>= 4)
EMP0363,Shubham Mishra,Male,27,Customer Experience,Retention Specialist,Bengaluru,Contract,2023-01-22,26,33941,407292,4.6,3.7,Low,6,9,Active,High (>= 4)
EMP0364,Jyoti Tiwari,Female,34,Customer Experience,Retention Specialist,Pune HQ,Full-time,2020-04-21,60,50455,605460,3.1,3.7,Medium,42,16,Inactive,Average (3-4)
EMP0365,Aditya Joshi,Male,46,Customer Experience,Quality Analyst,Pune HQ,Full-time,2022-08-01,32,33234,398808,3.9,4.3,Low,49,23,Active,Average (3-4)
EMP0366,Sonal Pandey,Female,43,Customer Experience,CX Team Lead,Bengaluru,Full-time,2019-10-11,66,39805,477660,3.8,4.5,Low,43,15,Active,Average (3-4)
EMP0367,Rohit Bhat,Male,46,Customer Experience,Quality Analyst,Bengaluru,Full-time,2022-04-30,35,41316,495792,2.6,4.4,High,93,1,Inactive,Low (<3)
EMP0368,Priya Rao,Female,26,Customer Experience,Customer Support Executive,Bengaluru,Full-time,2020-10-21,54,26184,314208,4.8,3.4,Low,64,21,Active,High (>= 4)
EMP0369,Meera Rajan,Female,37,Customer Experience,Retention Specialist,Bengaluru,Full-time,2020-10-10,54,33018,396216,3.5,2.9,Low,90,13,Active,Average (3-4)
EMP0370,Khushi Bhat,Female,51,Customer Experience,CX Team Lead,Bengaluru,Full-time,2023-08-17,19,39487,473844,3.7,4.1,Low,55,16,Active,Average (3-4)
EMP0371,Ravi Joshi,Male,27,Customer Experience,CX Team Lead,Bengaluru,Full-time,2022-08-10,32,38293,459516,3.1,3.5,Medium,46,24,Active,Average (3-4)
EMP0372,Rohit Tiwari,Male,23,Customer Experience,CX Team Lead,Bengaluru,Full-time,2022-12-03,28,33147,397764,3.3,3.0,High,39,5,Active,Average (3-4)
EMP0373,Sneha Pandey,Female,33,Customer Experience,Quality Analyst,Bengaluru,Full-time,2019-07-10,69,41872,502464,3.8,2.9,Low,10,0,Active,Average (3-4)
EMP0374,Aakash Bose,Male,26,Customer Experience,Customer Support Executive,Bengaluru,Contract,2022-11-16,28,23179,278148,3.6,4.0,Low,6,4,Active,Average (3-4)
EMP0375,Vikas Kulkarni,Male,22,Customer Experience,Quality Analyst,Bengaluru,Full-time,2022-03-17,37,32838,394056,3.8,3.5,Low,1,11,Active,Average (3-4)
EMP0376,Neha Murthy,Female,44,Customer Experience,Retention Specialist,Bengaluru,Full-time,2019-10-08,66,45302,543624,2.9,3.6,Medium,16,2,Active,Low (<3)
EMP0377,Deepak Joshi,Male,45,Customer Experience,Customer Support Executive,Bengaluru,Full-time,2021-07-12,45,25463,305556,4.4,3.5,Low,70,19,Active,High (>= 4)
EMP0378,Ritika Malhotra,Female,37,Customer Experience,Quality Analyst,Pune HQ,Full-time,2024-01-10,14,44474,533688,3.5,3.0,Low,78,22,Active,Average (3-4)
EMP0379,Anjali Malhotra,Female,31,Customer Experience,CX Team Lead,Bengaluru,Full-time,2022-03-27,36,35609,427308,4.6,3.5,Low,12,7,Active,High (>= 4)
EMP0380,Deepika Kulkarni,Female,34,Customer Experience,Quality Analyst,Bengaluru,Full-time,2019-08-01,68,41305,495660,3.7,3.3,Low,26,9,Active,Average (3-4)
EMP0381,Ajay Shetty,Male,32,Customer Experience,Retention Specialist,Bengaluru,Full-time,2018-12-22,76,49295,591540,3.0,2.9,Medium,50,17,Inactive,Average (3-4)
EMP0382,Lavanya Joshi,Female,40,Customer Experience,CX Team Lead,Pune HQ,Contract,2019-02-18,74,37311,447732,2.6,3.5,High,25,1,Active,Low (<3)
EMP0383,Abhishek Malhotra,Male,43,Customer Experience,Quality Analyst,Pune HQ,Intern,2021-10-17,42,43254,519048,3.2,3.1,Medium,88,22,Active,Average (3-4)
EMP0384,Dinesh Malhotra,Male,45,Customer Experience,Customer Support Executive,Bengaluru,Full-time,2020-03-28,60,19117,229404,3.6,3.4,High,80,0,Active,Average (3-4)
EMP0385,Rekha Murthy,Female,32,Customer Experience,Retention Specialist,Pune HQ,Full-time,2019-04-11,72,44304,531648,3.9,3.4,Low,76,23,Active,Average (3-4)
EMP0386,Kavya Kulkarni,Female,26,Customer Experience,Customer Support Executive,Bengaluru,Full-time,2019-12-20,64,25278,303336,3.2,2.8,Medium,40,10,Active,Average (3-4)
EMP0387,Ankit Gupta,Male,38,Customer Experience,CX Team Lead,Pune HQ,Full-time,2018-07-26,81,49267,591204,3.2,3.9,Medium,71,12,Active,Average (3-4)
EMP0388,Swati Bose,Female,28,Customer Experience,Quality Analyst,Bengaluru,Full-time,2023-10-12,17,31903,382836,4.1,3.9,Low,20,7,Active,High (>= 4)
EMP0389,Siddharth Yadav,Male,36,Customer Experience,CX Team Lead,Pune HQ,Full-time,2018-07-07,81,51232,614784,3.3,3.5,Medium,0,5,Active,Average (3-4)
EMP0390,Hardik Shetty,Male,40,Customer Experience,Quality Analyst,Bengaluru,Full-time,2021-06-01,46,41492,497904,3.1,2.5,Medium,42,0,Active,Average (3-4)
EMP0391,Tushar Yadav,Male,48,Customer Experience,Quality Analyst,Pune HQ,Full-time,2023-10-19,17,40445,485340,3.0,2.5,Medium,5,2,Active,Average (3-4)
EMP0392,Karan Singh,Male,48,Customer Experience,Customer Support Executive,Bengaluru,Contract,2019-09-26,67,20743,248916,4.1,3.1,Low,86,14,Active,High (>= 4)
EMP0393,Amit Shukla,Male,27,Customer Experience,CX Team Lead,Pune HQ,Full-time,2021-02-13,50,50108,601296,3.3,4.2,Medium,95,5,Active,Average (3-4)
EMP0394,Payal Menon,Female,35,Customer Experience,Customer Support Executive,Pune HQ,Full-time,2024-02-08,13,20719,248628,3.7,3.5,Low,65,14,Active,Average (3-4)
EMP0395,Nidhi Nair,Female,51,Customer Experience,CX Team Lead,Pune HQ,Full-time,2020-09-23,55,45290,543480,2.2,3.9,High,65,4,Active,Low (<3)
EMP0396,Lokesh Jain,Male,39,Customer Experience,Quality Analyst,Bengaluru,Full-time,2020-01-14,63,37913,454956,4.3,3.4,Low,73,17,Active,High (>= 4)
EMP0397,Bhavna Rajan,Female,46,Sales & Marketplace,Sales Head,Delhi,Full-time,2018-06-28,82,156562,1878744,3.4,3.3,Medium,15,6,Active,Average (3-4)
EMP0398,Ajay Bose,Male,38,Sales & Marketplace,Key Account Manager – Amazon,Mumbai,Full-time,2019-07-31,69,69326,831912,2.8,3.9,Medium,11,4,Active,Low (<3)
EMP0399,Divya Hegde,Female,26,Sales & Marketplace,Key Account Manager – Amazon,Bengaluru,Intern,2022-08-11,32,59972,719664,3.3,3.0,Medium,26,24,Active,Average (3-4)
EMP0400,Ananya Pillai,Female,25,Sales & Marketplace,Sales Head,Bengaluru,Full-time,2019-03-21,73,136579,1638948,3.5,3.0,Low,82,5,Active,Average (3-4)
EMP0401,Rajan Bhat,Male,24,Sales & Marketplace,Key Account Manager – Modern Trade,Pune HQ,Full-time,2018-07-03,82,62135,745620,2.2,4.0,High,34,22,Active,Low (<3)
EMP0402,Vivek Yadav,Male,50,Sales & Marketplace,Sales Executive,Mumbai,Full-time,2019-08-12,68,33948,407376,3.3,3.6,Medium,33,11,Inactive,Average (3-4)
EMP0403,Sneha Ghosh,Female,35,Sales & Marketplace,Key Account Manager – Amazon,Delhi,Full-time,2018-06-14,82,55651,667812,3.7,3.3,Low,12,14,Inactive,Average (3-4)
EMP0404,Deepika Yadav,Female,44,Sales & Marketplace,Sales Executive,Pune HQ,Full-time,2018-01-26,87,37934,455208,3.6,3.3,Low,40,21,Active,Average (3-4)
EMP0405,Rajesh Yadav,Male,37,Sales & Marketplace,Sales Head,Pune HQ,Contract,2018-08-25,80,105476,1265712,3.0,3.7,High,78,13,Active,Average (3-4)
EMP0406,Rajesh Joshi,Male,30,Sales & Marketplace,Key Account Manager – Modern Trade,Bengaluru,Contract,2020-12-19,52,45551,546612,3.5,3.6,High,96,21,Active,Average (3-4)
EMP0407,Ishita Yadav,Female,43,Sales & Marketplace,Sales Head,Mumbai,Full-time,2020-08-22,56,138947,1667364,3.6,3.1,Low,49,19,Active,Average (3-4)
EMP0408,Hemant Reddy,Male,40,Sales & Marketplace,Key Account Manager – Amazon,Pune HQ,Full-time,2018-08-26,80,61388,736656,2.8,4.5,Medium,28,18,Active,Low (<3)
EMP0409,Deepak Gupta,Male,34,Sales & Marketplace,Sales Executive,Delhi,Full-time,2021-02-23,49,25477,305724,4.0,2.3,Low,73,23,Active,High (>= 4)
EMP0410,Geeta Nair,Female,36,Sales & Marketplace,B2B Corporate Sales,Mumbai,Full-time,2023-03-04,25,67927,815124,3.5,2.5,Low,43,2,Active,Average (3-4)
EMP0411,Sachin Kulkarni,Male,37,Sales & Marketplace,Key Account Manager – Amazon,Bengaluru,Full-time,2021-12-14,40,71747,860964,2.1,3.7,High,82,0,Active,Low (<3)
EMP0412,Rahul Reddy,Male,27,Sales & Marketplace,Key Account Manager – Amazon,Bengaluru,Full-time,2020-10-30,53,75084,901008,3.5,3.6,Low,64,19,Active,Average (3-4)
EMP0413,Divya Mehta,Female,22,Sales & Marketplace,Sales Executive,Bengaluru,Full-time,2022-03-10,37,24500,294000,4.6,3.1,Low,93,18,Active,High (>= 4)
EMP0414,Nisha Menon,Female,21,Sales & Marketplace,Sales Executive,Pune HQ,Contract,2018-02-06,87,30724,368688,4.2,3.3,Low,24,1,Active,High (>= 4)
EMP0415,Komal Agarwal,Female,28,Sales & Marketplace,B2B Corporate Sales,Delhi,Full-time,2021-12-03,40,53936,647232,3.6,3.0,Low,64,15,Active,Average (3-4)
EMP0416,Pranav Gupta,Male,49,Sales & Marketplace,B2B Corporate Sales,Delhi,Intern,2018-04-13,84,66688,800256,3.6,3.2,Low,66,11,Active,Average (3-4)
EMP0417,Nikhil Murthy,Male,50,Sales & Marketplace,Sales Head,Delhi,Full-time,2022-12-18,27,135534,1626408,4.1,2.9,Low,11,10,Active,High (>= 4)
EMP0418,Siddharth Rao,Male,42,Sales & Marketplace,B2B Corporate Sales,Bengaluru,Full-time,2018-02-15,86,66198,794376,4.0,3.8,Low,75,7,Inactive,High (>= 4)
EMP0419,Mohit Kulkarni,Male,42,Sales & Marketplace,Key Account Manager – Modern Trade,Delhi,Full-time,2022-01-21,38,45886,550632,3.4,3.3,High,83,13,Active,Average (3-4)
EMP0420,Hardik Patel,Male,50,Sales & Marketplace,B2B Corporate Sales,Bengaluru,Full-time,2020-11-11,53,57382,688584,3.3,3.4,Medium,96,17,Inactive,Average (3-4)
EMP0421,Nikhil Mishra,Male,48,Sales & Marketplace,Sales Head,Bengaluru,Full-time,2019-10-10,66,104439,1253268,3.2,3.2,High,21,15,Active,Average (3-4)
EMP0422,Meera Dubey,Female,32,Sales & Marketplace,Key Account Manager – Modern Trade,Mumbai,Contract,2024-02-03,14,62091,745092,3.8,3.1,Low,79,19,Active,Average (3-4)
EMP0423,Meera Rao,Female,40,Sales & Marketplace,Sales Head,Bengaluru,Full-time,2022-11-29,28,105465,1265580,3.7,3.6,High,73,3,Active,Average (3-4)
EMP0424,Piyush Dubey,Male,33,Sales & Marketplace,B2B Corporate Sales,Mumbai,Full-time,2020-09-12,55,40420,485040,1.8,3.0,High,0,9,Inactive,Low (<3)
EMP0425,Nikhil Shetty,Male,27,Sales & Marketplace,B2B Corporate Sales,Bengaluru,Full-time,2023-03-08,25,45369,544428,3.4,3.0,Medium,70,1,Active,Average (3-4)
EMP0426,Vineet Iyer,Male,49,Sales & Marketplace,Key Account Manager – Modern Trade,Delhi,Full-time,2019-11-27,65,72640,871680,3.9,3.4,Low,87,20,Active,Average (3-4)
EMP0427,Tarun Bhat,Male,26,Sales & Marketplace,B2B Corporate Sales,Delhi,Full-time,2023-06-01,22,53244,638928,3.3,4.4,Medium,3,13,Active,Average (3-4)
EMP0428,Monika Kulkarni,Female,38,Sales & Marketplace,Key Account Manager – Modern Trade,Mumbai,Full-time,2019-09-29,67,45553,546636,3.2,3.4,High,20,22,Active,Average (3-4)
EMP0429,Dinesh Gupta,Male,27,Sales & Marketplace,Key Account Manager – Modern Trade,Delhi,Full-time,2019-09-30,66,58639,703668,3.6,3.0,Low,67,5,Active,Average (3-4)
EMP0430,Rahul Patel,Male,32,Sales & Marketplace,B2B Corporate Sales,Pune HQ,Intern,2018-03-03,86,44235,530820,3.2,4.4,Medium,53,17,Active,Average (3-4)
EMP0431,Jyoti Bhatt,Female,44,Sales & Marketplace,Key Account Manager – Amazon,Pune HQ,Full-time,2021-10-28,41,63287,759444,3.8,4.4,Low,78,9,Active,Average (3-4)
EMP0432,Prateek Nair,Male,37,Sales & Marketplace,B2B Corporate Sales,Delhi,Full-time,2023-08-20,19,69739,836868,3.8,3.4,Low,63,5,Active,Average (3-4)
EMP0433,Suresh Srivastava,Male,43,Sales & Marketplace,Key Account Manager – Amazon,Delhi,Full-time,2020-06-11,58,69909,838908,3.4,3.1,Medium,42,22,Active,Average (3-4)
EMP0434,Sunita Bhatt,Female,48,Sales & Marketplace,Key Account Manager – Amazon,Bengaluru,Full-time,2020-12-30,51,79662,955944,2.6,4.3,High,64,11,Active,Low (<3)
EMP0435,Amit Patel,Male,42,Sales & Marketplace,Key Account Manager – Amazon,Mumbai,Contract,2021-11-28,40,54007,648084,4.5,3.9,Low,93,10,Active,High (>= 4)
EMP0436,Vineet Shetty,Male,49,Sales & Marketplace,B2B Corporate Sales,Mumbai,Full-time,2020-01-16,63,45814,549768,4.5,2.4,Low,64,12,Active,High (>= 4)
EMP0437,Nikhil Iyer,Male,21,Sales & Marketplace,Sales Head,Bengaluru,Full-time,2023-08-20,19,136122,1633464,4.2,3.2,Low,89,2,Active,High (>= 4)
EMP0438,Nikhil Reddy,Male,47,Sales & Marketplace,Sales Executive,Bengaluru,Full-time,2021-11-11,41,26831,321972,3.1,3.8,Medium,21,6,Active,Average (3-4)
EMP0439,Tanvi Reddy,Female,46,Sales & Marketplace,Sales Executive,Delhi,Full-time,2023-03-27,24,33477,401724,3.6,2.9,Low,40,21,Active,Average (3-4)
EMP0440,Pranav Chatterjee,Male,40,Sales & Marketplace,Key Account Manager – Amazon,Bengaluru,Contract,2021-11-24,40,56019,672228,4.2,2.5,Low,38,3,Active,High (>= 4)
EMP0441,Divya Shetty,Female,28,Sales & Marketplace,Key Account Manager – Amazon,Delhi,Intern,2021-10-31,41,71642,859704,3.7,3.7,Low,2,16,Active,Average (3-4)
EMP0442,Kartik Jain,Male,32,Sales & Marketplace,Key Account Manager – Amazon,Mumbai,Full-time,2019-09-20,67,67527,810324,5.0,3.4,Low,58,3,Active,High (>= 4)
EMP0443,Khushi Srivastava,Female,26,Sales & Marketplace,Key Account Manager – Modern Trade,Mumbai,Contract,2021-12-29,39,74496,893952,4.5,3.8,Low,91,6,Active,High (>= 4)
EMP0444,Tushar Verma,Male,30,Sales & Marketplace,Key Account Manager – Amazon,Delhi,Full-time,2023-07-23,20,70440,845280,4.4,3.5,Low,43,21,Active,High (>= 4)
EMP0445,Shreya Kumar,Female,35,Sales & Marketplace,Sales Executive,Bengaluru,Full-time,2021-04-14,48,22732,272784,4.2,4.4,High,91,23,Active,High (>= 4)
EMP0446,Nilesh Desai,Male,52,Sales & Marketplace,B2B Corporate Sales,Mumbai,Full-time,2022-02-06,38,54972,659664,4.3,3.4,Low,1,15,Active,High (>= 4)
EMP0447,Komal Nair,Female,26,Sales & Marketplace,Key Account Manager – Amazon,Pune HQ,Full-time,2023-04-07,24,74933,899196,2.5,4.3,High,38,17,Active,Low (<3)
EMP0448,Pranav Desai,Male,22,Sales & Marketplace,Key Account Manager – Amazon,Mumbai,Contract,2019-10-29,66,46225,554700,3.2,3.6,High,61,5,Active,Average (3-4)
EMP0449,Geeta Shukla,Female,29,Sales & Marketplace,Key Account Manager – Modern Trade,Pune HQ,Full-time,2024-01-24,14,74150,889800,3.5,3.8,Low,84,2,Active,Average (3-4)
EMP0450,Geeta Jain,Female,21,Sales & Marketplace,Key Account Manager – Amazon,Delhi,Full-time,2021-04-14,48,74634,895608,3.8,3.6,Low,93,6,Active,Average (3-4)
EMP0451,Hardik Bhat,Male,38,Finance & Accounts,Finance Analyst,Pune HQ,Full-time,2019-07-05,69,50613,607356,4.2,3.6,Low,4,13,Active,High (>= 4)
EMP0452,Monika Bose,Female,37,Finance & Accounts,FP&A Manager,Pune HQ,Contract,2022-05-05,35,94953,1139436,3.6,3.2,Low,20,8,Active,Average (3-4)
EMP0453,Divya Pillai,Female,28,Finance & Accounts,CFO,Pune HQ,Full-time,2022-04-04,36,222498,2669976,4.0,3.9,Low,55,8,Active,High (>= 4)
EMP0454,Nidhi Bhat,Female,34,Finance & Accounts,FP&A Manager,Pune HQ,Full-time,2018-06-05,83,74024,888288,3.1,3.3,Medium,74,3,Active,Average (3-4)
EMP0455,Gaurav Gupta,Male,33,Finance & Accounts,FP&A Manager,Pune HQ,Full-time,2019-12-02,64,95722,1148664,4.1,4.2,Low,89,3,Active,High (>= 4)
EMP0456,Jyoti Shetty,Female,30,Finance & Accounts,CFO,Pune HQ,Full-time,2024-04-15,11,248238,2978856,4.2,3.6,Low,5,5,Active,High (>= 4)
EMP0457,Khushi Menon,Female,33,Finance & Accounts,Accounts Executive,Pune HQ,Full-time,2023-10-28,17,22153,265836,4.1,3.5,High,26,12,Active,High (>= 4)
EMP0458,Simran Desai,Female,28,Finance & Accounts,CFO,Pune HQ,Full-time,2022-05-09,35,217329,2607948,3.4,3.8,Medium,78,7,Active,Average (3-4)
EMP0459,Deepak Mehta,Male,31,Finance & Accounts,FP&A Manager,Pune HQ,Full-time,2022-11-25,28,65373,784476,4.1,3.8,High,50,1,Active,High (>= 4)
EMP0460,Tushar Nair,Male,22,Finance & Accounts,CFO,Pune HQ,Full-time,2018-04-19,84,183629,2203548,3.2,3.4,High,38,4,Active,Average (3-4)
EMP0461,Rohit Rajan,Male,33,Finance & Accounts,Finance Analyst,Pune HQ,Full-time,2021-03-19,49,52925,635100,4.0,3.7,Low,23,24,Active,High (>= 4)
EMP0462,Sachin Gupta,Male,33,Finance & Accounts,Finance Analyst,Pune HQ,Contract,2022-04-09,36,42967,515604,3.8,3.7,Low,59,7,Active,Average (3-4)
EMP0463,Ankit Yadav,Male,26,Finance & Accounts,FP&A Manager,Pune HQ,Full-time,2020-10-09,54,80245,962940,3.5,3.3,Low,59,14,Active,Average (3-4)
EMP0464,Hardik Verma,Male,24,Finance & Accounts,CFO,Pune HQ,Full-time,2023-01-03,27,211017,2532204,3.8,3.6,Low,26,20,Active,Average (3-4)
EMP0465,Rajesh Patil,Male,31,Finance & Accounts,CFO,Pune HQ,Full-time,2022-11-13,28,255504,3066048,4.6,3.6,Low,90,4,Active,High (>= 4)
EMP0466,Pranav Mishra,Male,22,Finance & Accounts,Accounts Executive,Pune HQ,Full-time,2023-04-19,23,35739,428868,2.5,3.3,High,72,20,Active,Low (<3)
EMP0467,Mansi Mehta,Female,35,Finance & Accounts,Accounts Executive,Pune HQ,Full-time,2023-11-14,16,23098,277176,3.7,3.1,High,44,19,Active,Average (3-4)
EMP0468,Vikas Shah,Male,50,Finance & Accounts,Accounts Executive,Pune HQ,Full-time,2018-08-03,81,32823,393876,3.5,3.1,Low,51,10,Inactive,Average (3-4)
EMP0469,Lavanya Hegde,Female,25,Finance & Accounts,Finance Analyst,Pune HQ,Full-time,2020-05-07,59,56393,676716,3.9,4.0,Low,42,24,Active,Average (3-4)
EMP0470,Mansi Srivastava,Female,27,Finance & Accounts,CFO,Pune HQ,Full-time,2019-12-16,64,222558,2670696,4.7,3.3,Low,3,17,Active,High (>= 4)
EMP0471,Shubham Desai,Male,48,Finance & Accounts,FP&A Manager,Pune HQ,Full-time,2023-02-27,25,73480,881760,3.7,3.6,Low,8,6,Active,Average (3-4)
EMP0472,Rajesh Patel,Male,52,Finance & Accounts,FP&A Manager,Pune HQ,Full-time,2024-02-25,13,79056,948672,4.4,3.4,Low,23,13,Active,High (>= 4)
EMP0473,Shweta Bose,Female,49,Finance & Accounts,Finance Analyst,Pune HQ,Full-time,2020-08-05,56,62990,755880,3.1,3.7,Medium,36,18,Inactive,Average (3-4)
EMP0474,Ravi Mishra,Male,31,Finance & Accounts,CFO,Pune HQ,Full-time,2020-06-10,58,250472,3005664,3.1,3.4,Medium,25,4,Active,Average (3-4)
EMP0475,Kartik Pandey,Male,48,Finance & Accounts,Finance Analyst,Pune HQ,Full-time,2020-01-25,63,46737,560844,2.3,3.1,High,9,14,Active,Low (<3)
EMP0476,Vidya Gupta,Female,29,Finance & Accounts,FP&A Manager,Pune HQ,Full-time,2023-08-24,19,66980,803760,3.2,2.5,High,20,24,Active,Average (3-4)
EMP0477,Jyoti Murthy,Female,51,Finance & Accounts,CFO,Pune HQ,Full-time,2019-01-27,75,257535,3090420,2.9,3.5,Medium,45,5,Active,Low (<3)
EMP0478,Varun Naik,Male,27,Finance & Accounts,CFO,Pune HQ,Full-time,2022-06-09,34,223661,2683932,4.6,3.6,Low,95,6,Active,High (>= 4)
EMP0479,Sonal Iyer,Female,21,Finance & Accounts,Accounts Executive,Pune HQ,Contract,2020-07-19,57,22970,275640,3.5,3.4,High,34,3,Active,Average (3-4)
EMP0480,Ankit Reddy,Male,50,Finance & Accounts,FP&A Manager,Pune HQ,Full-time,2023-05-21,22,65944,791328,3.8,4.0,High,68,8,Active,Average (3-4)
EMP0481,Nidhi Joshi,Female,46,Human Resources,Head of HR,Mumbai,Intern,2019-05-14,71,103746,1244952,3.8,4.1,Low,18,7,Active,Average (3-4)
EMP0482,Sanjay Chatterjee,Male,45,Human Resources,HR Executive,Pune HQ,Contract,2022-02-22,37,32169,386028,2.6,3.8,High,15,21,Active,Low (<3)
EMP0483,Varun Joshi,Male,50,Human Resources,Head of HR,Mumbai,Contract,2021-02-13,50,113813,1365756,4.4,2.8,Low,92,11,Active,High (>= 4)
EMP0484,Shweta Bose,Female,33,Human Resources,HRBP,Pune HQ,Contract,2020-10-06,54,59619,715428,3.3,3.5,Medium,65,0,Active,Average (3-4)
EMP0485,Sanjay Naik,Male,36,Human Resources,Head of HR,Pune HQ,Intern,2022-12-14,27,116753,1401036,3.6,3.3,Low,80,12,Active,Average (3-4)
EMP0486,Shweta Ghosh,Female,32,Human Resources,HR Executive,Pune HQ,Full-time,2021-05-11,47,34480,413760,3.9,3.5,Low,9,8,Active,Average (3-4)
EMP0487,Deepak Das,Male,35,Human Resources,HR Executive,Mumbai,Full-time,2019-09-22,67,28832,345984,3.0,3.1,Medium,55,9,Active,Average (3-4)
EMP0488,Simran Verma,Female,43,Human Resources,HR Executive,Mumbai,Full-time,2019-11-26,65,35322,423864,3.5,3.4,Low,75,4,Active,Average (3-4)
EMP0489,Pallavi Chatterjee,Female,43,Human Resources,Head of HR,Pune HQ,Full-time,2022-12-08,28,112610,1351320,4.1,3.3,Low,36,0,Active,High (>= 4)
EMP0490,Lokesh Reddy,Male,43,Human Resources,HRBP,Pune HQ,Full-time,2021-03-27,48,47900,574800,3.5,3.6,Low,50,23,Active,Average (3-4)
EMP0491,Nikhil Malhotra,Male,28,Human Resources,HRBP,Pune HQ,Full-time,2019-11-26,65,56328,675936,3.1,3.8,Medium,28,22,Active,Average (3-4)
EMP0492,Komal Jain,Female,50,Human Resources,HRBP,Pune HQ,Full-time,2019-10-16,66,52228,626736,4.1,3.7,Low,88,16,Active,High (>= 4)
EMP0493,Abhishek Rao,Male,35,Human Resources,Head of HR,Pune HQ,Full-time,2018-08-17,80,132187,1586244,3.0,3.1,Medium,73,22,Active,Average (3-4)
EMP0494,Vidya Dubey,Female,41,Human Resources,HRBP,Mumbai,Full-time,2018-04-25,84,64334,772008,3.0,3.9,Medium,90,15,Active,Average (3-4)
EMP0495,Rohit Rajan,Male,35,Human Resources,Head of HR,Pune HQ,Full-time,2019-09-20,67,123257,1479084,3.0,3.2,Medium,76,5,Active,Average (3-4)
EMP0496,Karan Pandey,Male,21,Human Resources,Head of HR,Pune HQ,Contract,2019-02-19,74,117129,1405548,3.1,3.1,Medium,69,3,Active,Average (3-4)
EMP0497,Ankit Menon,Male,26,Human Resources,Head of HR,Mumbai,Full-time,2018-12-10,76,105357,1264284,4.3,3.9,Low,38,20,Active,High (>= 4)
EMP0498,Pranav Murthy,Male,38,Human Resources,HR Executive,Mumbai,Contract,2021-04-28,47,35799,429588,3.3,3.4,Medium,2,6,Active,Average (3-4)
EMP0499,Nidhi Patel,Female,26,Human Resources,HRBP,Mumbai,Full-time,2022-01-07,39,46681,560172,3.5,4.1,Low,37,4,Active,Average (3-4)
EMP0500,Neha Ghosh,Female,48,Human Resources,HRBP,Mumbai,Full-time,2020-10-28,53,42542,510504,3.4,3.9,High,52,18,Active,Average (3-4)
EMP0501,Kartik Gupta,Male,41,Human Resources,HR Executive,Pune HQ,Contract,2019-06-13,70,25423,305076,4.1,3.0,Low,88,23,Active,High (>= 4)
EMP0502,Sunita Patil,Female,42,Human Resources,HR Executive,Pune HQ,Full-time,2021-03-06,49,34288,411456,3.7,3.2,Low,33,21,Active,Average (3-4)
EMP0503,Nikhil Tiwari,Male,38,Human Resources,Talent Acquisition Specialist,Mumbai,Contract,2021-09-09,43,43283,519396,3.8,3.3,Low,60,18,Active,Average (3-4)
EMP0504,Rajesh Kumar,Male,34,Human Resources,HR Executive,Mumbai,Full-time,2019-04-27,72,36297,435564,3.6,2.9,Low,42,20,Active,Average (3-4)
EMP0505,Shweta Gupta,Female,36,Operations & Retail,Retail Ops Lead,Bengaluru,Full-time,2019-02-26,74,66375,796500,2.9,3.1,Medium,47,13,Active,Low (<3)
EMP0506,Aakash Das,Male,21,Operations & Retail,Store Executive,Bengaluru,Full-time,2022-12-23,27,22056,264672,3.0,4.2,Medium,64,13,Active,Average (3-4)
EMP0507,Heena Choudhary,Female,25,Operations & Retail,Retail Ops Lead,Hyderabad,Full-time,2022-08-22,31,72835,874020,3.2,3.9,Medium,10,16,Active,Average (3-4)
EMP0508,Nilesh Bose,Male,47,Operations & Retail,Store Manager,Bengaluru,Full-time,2022-02-20,37,36201,434412,2.6,4.3,High,23,11,Active,Low (<3)
EMP0509,Khushi Rao,Female,32,Operations & Retail,Store Manager,Delhi,Full-time,2024-03-29,12,48815,585780,2.7,3.5,High,70,17,Active,Low (<3)
EMP0510,Shubham Bhatt,Male,26,Operations & Retail,Retail Ops Lead,Bengaluru,Full-time,2020-03-01,61,65286,783432,4.1,3.7,Low,54,13,Active,High (>= 4)
EMP0511,Tanvi Jain,Female,30,Operations & Retail,Store Executive,Bengaluru,Full-time,2020-01-25,63,27457,329484,3.8,3.2,Low,80,9,Active,Average (3-4)
EMP0512,Siddharth Tiwari,Male,23,Operations & Retail,Store Manager,Pune HQ,Full-time,2018-11-03,78,48912,586944,2.8,4.5,Medium,88,20,Active,Low (<3)
EMP0513,Lavanya Gupta,Female,34,Operations & Retail,COO,Hyderabad,Contract,2023-04-06,24,256164,3073968,2.6,3.0,High,15,19,Active,Low (<3)
EMP0514,Nidhi Kumar,Female,25,Operations & Retail,Retail Ops Lead,Delhi,Full-time,2021-07-08,45,66184,794208,3.3,4.0,Medium,17,7,Active,Average (3-4)
EMP0515,Ananya Rajan,Female,26,Operations & Retail,COO,Bengaluru,Full-time,2019-09-21,67,268315,3219780,4.8,3.0,Low,8,18,Active,High (>= 4)
EMP0516,Tarun Yadav,Male,38,Operations & Retail,COO,Hyderabad,Full-time,2020-05-21,59,265326,3183912,2.8,4.0,Medium,4,21,Active,Low (<3)
EMP0517,Sonal Kulkarni,Female,42,Operations & Retail,Operations Manager,Pune HQ,Full-time,2021-08-01,44,107825,1293900,3.6,4.0,Low,22,19,Active,Average (3-4)
EMP0518,Preeti Iyer,Female,32,Operations & Retail,Store Manager,Hyderabad,Full-time,2019-02-24,74,49543,594516,3.7,3.4,Low,6,14,Active,Average (3-4)
EMP0519,Priya Iyer,Female,52,Operations & Retail,Retail Ops Lead,Delhi,Full-time,2023-05-06,23,75879,910548,3.8,4.5,Low,83,13,Active,Average (3-4)
EMP0520,Rohit Gupta,Male,42,Operations & Retail,Operations Manager,Bengaluru,Full-time,2024-03-07,12,77976,935712,3.9,4.1,Low,66,10,Active,Average (3-4)
EMP0521,Sachin Sharma,Male,22,Operations & Retail,Store Executive,Hyderabad,Full-time,2021-04-11,48,24443,293316,3.6,4.0,Low,61,10,Active,Average (3-4)
EMP0522,Sneha Das,Female,29,Operations & Retail,Store Executive,Pune HQ,Full-time,2023-04-02,24,18495,221940,3.1,3.4,High,57,4,Active,Average (3-4)
EMP0523,Kartik Mehta,Male,29,Operations & Retail,Store Manager,Delhi,Full-time,2018-08-07,80,48162,577944,3.5,3.3,Low,41,11,Active,Average (3-4)
EMP0524,Kartik Das,Male,32,Operations & Retail,Store Executive,Hyderabad,Full-time,2022-04-26,35,26077,312924,4.1,3.8,Low,90,20,Active,High (>= 4)
EMP0525,Sneha Verma,Female,47,Operations & Retail,Retail Ops Lead,Bengaluru,Contract,2018-12-27,76,79452,953424,4.8,4.2,Low,33,6,Active,High (>= 4)
EMP0526,Jyoti Mehta,Female,43,Operations & Retail,Store Executive,Mumbai,Full-time,2019-06-08,70,21733,260796,4.5,2.3,Low,54,5,Active,High (>= 4)
EMP0527,Geeta Naik,Female,30,Operations & Retail,Store Manager,Hyderabad,Full-time,2020-08-03,56,51932,623184,4.7,3.2,Low,3,10,Active,High (>= 4)
EMP0528,Sakshi Pandey,Female,46,Operations & Retail,Store Executive,Mumbai,Full-time,2018-06-04,83,18639,223668,3.0,3.9,High,93,0,Active,Average (3-4)
EMP0529,Nisha Iyer,Female,49,Operations & Retail,COO,Pune HQ,Full-time,2023-05-02,23,266198,3194376,3.6,3.3,Low,93,10,Active,Average (3-4)
EMP0530,Rahul Kumar,Male,25,Operations & Retail,Operations Manager,Delhi,Full-time,2018-09-01,80,82136,985632,3.3,2.8,Medium,44,13,Active,Average (3-4)
EMP0531,Tanvi Joshi,Female,28,Operations & Retail,Store Executive,Mumbai,Contract,2021-08-10,44,18002,216024,3.8,3.3,High,51,7,Active,Average (3-4)
EMP0532,Umesh Pillai,Male,24,Operations & Retail,Store Manager,Mumbai,Contract,2023-09-26,18,44790,537480,4.2,4.0,Low,48,10,Inactive,High (>= 4)
EMP0533,Ravi Bhat,Male,28,Operations & Retail,Retail Ops Lead,Delhi,Full-time,2022-02-27,37,55292,663504,3.8,3.8,Low,78,21,Active,Average (3-4)
EMP0534,Anjali Murthy,Female,51,Operations & Retail,Store Manager,Mumbai,Full-time,2021-10-22,41,50966,611592,2.9,3.6,Medium,10,18,Active,Low (<3)
EMP0535,Sachin Yadav,Male,21,Operations & Retail,Store Executive,Hyderabad,Full-time,2020-04-18,60,20359,244308,3.4,2.6,Medium,40,18,Active,Average (3-4)
EMP0536,Amit Bose,Male,26,Operations & Retail,COO,Delhi,Full-time,2020-04-05,60,219076,2628912,3.4,3.5,High,29,24,Inactive,Average (3-4)
EMP0537,Vineet Das,Male,21,Operations & Retail,Store Manager,Bengaluru,Full-time,2021-10-29,41,57204,686448,3.9,3.6,Low,15,21,Active,Average (3-4)
EMP0538,Suresh Verma,Male,23,Operations & Retail,Operations Manager,Mumbai,Full-time,2022-03-16,37,108282,1299384,4.2,4.4,Low,45,4,Active,High (>= 4)
EMP0539,Mohit Singh,Male,45,Operations & Retail,Store Executive,Pune HQ,Full-time,2018-10-03,79,18849,226188,5.0,3.4,High,50,23,Active,High (>= 4)
EMP0540,Khushi Malhotra,Female,44,Operations & Retail,Operations Manager,Pune HQ,Full-time,2020-02-18,62,93024,1116288,4.3,2.6,Low,67,4,Active,High (>= 4)
EMP0541,Preeti Gupta,Female,25,Operations & Retail,Store Manager,Delhi,Full-time,2018-03-20,85,47784,573408,3.8,3.3,Low,9,21,Active,Average (3-4)
EMP0542,Ritika Shah,Female,45,Operations & Retail,Store Manager,Hyderabad,Full-time,2022-12-12,28,39364,472368,4.4,3.9,Low,74,23,Active,High (>= 4)
EMP0543,Vivek Yadav,Male,32,Operations & Retail,Store Executive,Delhi,Contract,2023-09-30,18,20896,250752,3.3,3.6,Medium,33,22,Active,Average (3-4)
EMP0544,Amit Bhatt,Male,34,Operations & Retail,Operations Manager,Hyderabad,Full-time,2020-09-22,55,99224,1190688,3.4,3.7,Medium,18,12,Inactive,Average (3-4)
EMP0545,Geeta Shukla,Female,25,Operations & Retail,Store Executive,Bengaluru,Full-time,2021-10-29,41,23776,285312,4.3,4.5,Low,33,5,Active,High (>= 4)
EMP0546,Aditya Rajan,Male,22,Operations & Retail,Retail Ops Lead,Delhi,Full-time,2023-02-21,25,69604,835248,4.1,3.4,Low,4,17,Active,High (>= 4)
EMP0547,Monika Agarwal,Female,30,Operations & Retail,Store Executive,Bengaluru,Full-time,2020-08-02,56,25903,310836,2.9,3.6,Medium,8,20,Active,Low (<3)
EMP0548,Lokesh Verma,Male,27,Operations & Retail,Operations Manager,Pune HQ,Full-time,2022-07-17,32,97269,1167228,4.0,3.6,Low,55,17,Active,High (>= 4)
EMP0549,Nidhi Iyer,Female,26,Operations & Retail,Operations Manager,Hyderabad,Full-time,2020-06-01,58,90466,1085592,2.9,3.0,Medium,94,1,Active,Low (<3)
EMP0550,Meera Srivastava,Female,24,Operations & Retail,Store Manager,Pune HQ,Full-time,2018-09-14,79,50727,608724,3.1,3.5,Medium,6,9,Active,Average (3-4)
EMP0551,Hemant Chatterjee,Male,41,Operations & Retail,Operations Manager,Hyderabad,Full-time,2021-11-03,41,82705,992460,4.1,3.8,Low,28,15,Active,High (>= 4)
EMP0552,Simran Srivastava,Female,33,Operations & Retail,COO,Pune HQ,Full-time,2021-03-08,49,273403,3280836,3.4,3.2,Medium,71,21,Active,Average (3-4)
EMP0553,Ritika Joshi,Female,34,Operations & Retail,Store Manager,Delhi,Full-time,2021-06-15,46,57877,694524,3.7,3.7,Low,66,5,Active,Average (3-4)
EMP0554,Tushar Shukla,Male,51,Operations & Retail,Retail Ops Lead,Pune HQ,Full-time,2019-07-15,69,50920,611040,2.6,3.8,High,64,17,Active,Low (<3)
EMP0555,Arjun Mishra,Male,37,Operations & Retail,COO,Hyderabad,Full-time,2023-12-11,15,262481,3149772,3.9,3.3,Low,52,5,Active,Average (3-4)
EMP0556,Hardik Dubey,Male,33,Operations & Retail,Store Manager,Delhi,Full-time,2018-05-23,83,36578,438936,4.6,3.6,High,60,9,Active,High (>= 4)
EMP0557,Sakshi Rajan,Female,24,Operations & Retail,Store Executive,Pune HQ,Intern,2023-07-03,21,24875,298500,4.7,2.7,Low,7,9,Active,High (>= 4)
EMP0558,Sachin Kulkarni,Male,25,Operations & Retail,COO,Delhi,Full-time,2023-01-27,26,274838,3298056,2.9,3.3,Medium,66,24,Active,Low (<3)
EMP0559,Deepak Yadav,Male,31,Operations & Retail,COO,Mumbai,Full-time,2023-08-31,19,297373,3568476,4.1,3.1,Low,61,10,Inactive,High (>= 4)
EMP0560,Rekha Dubey,Female,43,Operations & Retail,COO,Delhi,Full-time,2023-12-30,15,258159,3097908,3.2,3.9,Medium,76,1,Active,Average (3-4)
EMP0561,Sunita Srivastava,Female,49,Operations & Retail,Store Executive,Hyderabad,Full-time,2023-09-12,18,25396,304752,4.5,3.7,Low,3,16,Active,High (>= 4)
EMP0562,Deepak Sharma,Male,33,Operations & Retail,Operations Manager,Mumbai,Full-time,2021-12-19,39,71294,855528,3.6,4.1,High,12,1,Active,Average (3-4)
EMP0563,Ajay Bhat,Male,38,Operations & Retail,Store Executive,Hyderabad,Contract,2020-01-02,63,22285,267420,3.1,4.4,Medium,80,9,Active,Average (3-4)
EMP0564,Karan Ghosh,Male,21,Operations & Retail,COO,Delhi,Full-time,2020-11-22,53,231015,2772180,3.0,4.1,Medium,64,16,Active,Average (3-4)
EMP0565,Payal Jain,Female,34,R&D & Quality,R&D Botanist,Pune HQ,Full-time,2023-12-07,16,56020,672240,3.8,3.4,Low,68,9,Active,Average (3-4)
EMP0566,Deepika Nair,Female,26,R&D & Quality,Quality Control Inspector,Talegaon Farm (Pune),Full-time,2023-01-26,26,32560,390720,3.6,3.8,Low,7,12,Active,Average (3-4)
EMP0567,Neha Mehta,Female,33,R&D & Quality,Soil Scientist,Pune HQ,Full-time,2018-12-30,76,61029,732348,3.3,3.2,Medium,60,6,Inactive,Average (3-4)
EMP0568,Shreya Bhatt,Female,45,R&D & Quality,Quality Control Inspector,Talegaon Farm (Pune),Full-time,2019-11-18,65,35890,430680,2.2,4.9,High,62,11,Inactive,Low (<3)
EMP0569,Sakshi Verma,Female,43,R&D & Quality,Quality Control Inspector,Talegaon Farm (Pune),Full-time,2019-11-01,65,29447,353364,3.9,3.3,Low,3,0,Active,Average (3-4)
EMP0570,Tushar Pandey,Male,25,R&D & Quality,R&D Head,Talegaon Farm (Pune),Full-time,2021-07-27,44,120520,1446240,4.1,3.3,Low,37,2,Active,High (>= 4)
EMP0571,Vivek Chatterjee,Male,51,R&D & Quality,Soil Scientist,Pune HQ,Full-time,2020-06-05,58,46773,561276,4.1,3.6,Low,65,7,Active,High (>= 4)
EMP0572,Nidhi Mehta,Female,43,R&D & Quality,Soil Scientist,Talegaon Farm (Pune),Intern,2023-10-08,18,53264,639168,3.1,3.5,Medium,19,22,Inactive,Average (3-4)
EMP0573,Sonal Rao,Female,37,R&D & Quality,R&D Botanist,Pune HQ,Full-time,2020-12-08,52,62715,752580,3.7,3.6,Low,13,18,Active,Average (3-4)
EMP0574,Megha Pandey,Female,38,R&D & Quality,R&D Botanist,Pune HQ,Full-time,2023-02-09,26,44163,529956,2.7,3.5,High,55,6,Active,Low (<3)
EMP0575,Dinesh Verma,Male,47,R&D & Quality,R&D Head,Pune HQ,Intern,2023-02-18,25,125139,1501668,3.7,3.1,Low,29,24,Active,Average (3-4)
EMP0576,Nilesh Rajan,Male,29,R&D & Quality,Soil Scientist,Pune HQ,Full-time,2019-12-01,64,48931,587172,4.2,3.6,Low,40,6,Active,High (>= 4)
EMP0577,Ajay Bhatt,Male,50,R&D & Quality,R&D Botanist,Pune HQ,Contract,2024-03-25,12,69826,837912,5.0,3.0,Low,54,12,Inactive,High (>= 4)
EMP0578,Pranav Sharma,Male,31,R&D & Quality,R&D Botanist,Talegaon Farm (Pune),Contract,2022-10-13,30,48797,585564,5.0,3.2,Low,53,5,Active,High (>= 4)
EMP0579,Mohit Tiwari,Male,34,R&D & Quality,R&D Head,Talegaon Farm (Pune),Full-time,2018-09-03,80,104130,1249560,4.3,3.7,Low,20,18,Active,High (>= 4)
EMP0580,Ishita Gupta,Female,29,R&D & Quality,R&D Botanist,Talegaon Farm (Pune),Full-time,2020-04-14,60,45414,544968,4.5,3.8,Low,90,14,Active,High (>= 4)
EMP0581,Umesh Srivastava,Male,25,R&D & Quality,R&D Botanist,Pune HQ,Contract,2023-07-02,21,55055,660660,4.5,3.2,Low,86,18,Active,High (>= 4)
EMP0582,Shubham Gupta,Male,41,R&D & Quality,R&D Botanist,Talegaon Farm (Pune),Full-time,2019-12-16,64,55337,664044,3.9,3.7,Low,40,15,Active,Average (3-4)
EMP0583,Tarun Reddy,Male,22,R&D & Quality,Soil Scientist,Pune HQ,Full-time,2019-09-14,67,45545,546540,3.8,4.4,Low,44,5,Active,Average (3-4)
EMP0584,Pranav Yadav,Male,34,R&D & Quality,Quality Control Inspector,Talegaon Farm (Pune),Full-time,2021-06-05,46,32187,386244,3.4,3.1,Medium,3,4,Active,Average (3-4)
EMP0585,Shubham Menon,Male,47,R&D & Quality,R&D Botanist,Talegaon Farm (Pune),Contract,2021-12-14,40,48736,584832,4.3,3.3,Low,71,3,Active,High (>= 4)
EMP0586,Payal Joshi,Female,28,R&D & Quality,R&D Botanist,Talegaon Farm (Pune),Full-time,2021-11-04,41,44270,531240,2.8,3.1,Medium,89,13,Active,Low (<3)
EMP0587,Suresh Bhatt,Male,40,R&D & Quality,R&D Head,Talegaon Farm (Pune),Full-time,2019-05-09,71,121266,1455192,4.0,3.5,Low,77,17,Active,High (>= 4)
EMP0588,Shreya Shetty,Female,52,R&D & Quality,Quality Control Inspector,Pune HQ,Full-time,2023-08-06,20,37205,446460,3.3,3.5,Medium,31,1,Inactive,Average (3-4)
EMP0589,Kavya Agarwal,Female,24,R&D & Quality,Soil Scientist,Pune HQ,Full-time,2019-12-12,64,57140,685680,3.0,3.3,Medium,90,11,Active,Average (3-4)
EMP0590,Shubham Desai,Male,52,R&D & Quality,R&D Head,Pune HQ,Full-time,2020-01-29,62,130723,1568676,3.7,3.1,Low,36,5,Active,Average (3-4)
EMP0591,Payal Srivastava,Female,25,R&D & Quality,R&D Head,Pune HQ,Full-time,2020-08-23,56,91510,1098120,3.8,4.0,High,59,21,Active,Average (3-4)
EMP0592,Komal Desai,Female,52,R&D & Quality,R&D Head,Pune HQ,Intern,2022-02-22,37,91330,1095960,3.9,4.1,High,11,4,Active,Average (3-4)
EMP0593,Mansi Bhat,Female,44,R&D & Quality,R&D Botanist,Talegaon Farm (Pune),Full-time,2021-07-18,45,57607,691284,3.8,4.0,Low,14,10,Active,Average (3-4)
EMP0594,Shubham Shah,Male,35,R&D & Quality,Soil Scientist,Pune HQ,Full-time,2023-09-10,18,60169,722028,3.7,3.5,Low,36,12,Active,Average (3-4)
EMP0595,Chhaya Agarwal,Female,49,R&D & Quality,Quality Control Inspector,Talegaon Farm (Pune),Full-time,2018-12-12,76,24840,298080,3.6,4.0,Low,83,16,Active,Average (3-4)
EMP0596,Ravi Yadav,Male,40,R&D & Quality,Quality Control Inspector,Talegaon Farm (Pune),Full-time,2022-07-16,32,34242,410904,2.6,3.7,High,72,0,Active,Low (<3)
EMP0597,Ishita Shetty,Female,35,R&D & Quality,R&D Botanist,Pune HQ,Full-time,2020-08-15,56,54280,651360,4.8,3.5,Low,21,7,Active,High (>= 4)
EMP0598,Heena Bose,Female,21,R&D & Quality,Soil Scientist,Talegaon Farm (Pune),Full-time,2023-09-03,19,52847,634164,3.0,3.3,Medium,85,12,Active,Average (3-4)
EMP0599,Lavanya Choudhary,Female,31,R&D & Quality,R&D Head,Pune HQ,Full-time,2023-02-10,26,97924,1175088,3.9,3.5,High,38,24,Active,Average (3-4)
EMP0600,Anjali Patel,Female,42,R&D & Quality,R&D Botanist,Pune HQ,Full-time,2023-06-22,21,42431,509172,3.8,2.6,High,35,17,Active,Average (3-4)
